<?xml version='1.0' encoding='UTF-8'?>
<shortcuts>
    <shortcut>
        <label>20342</label>
        <label2>Common Shortcut</label2>
        <defaultID>movies</defaultID>
        <icon>special://skin/extras/icons/film.png</icon>
        <action>ActivateWindow(Videos,MovieTitles,return)</action>
    </shortcut>
    <shortcut>
        <label>20343</label>
        <label2>Common Shortcut</label2>
        <defaultID>tvshows</defaultID>
        <icon>special://skin/extras/icons/tv.png</icon>
        <action>ActivateWindow(Videos,TVShowTitles,return)</action>
    </shortcut>
    <shortcut>
        <label>24001</label>
        <label2/>
        <defaultID>addons</defaultID>
        <icon />
        <action>ActivateWindow(AddonBrowser)</action>
    </shortcut>
    <shortcut>
        <label>$LOCALIZE[137]</label>
        <label2>Common Shortcut</label2>
        <icon>special://skin/extras/icons/search.png</icon>
        <thumb />
        <action>Skin.SetString(SearchTerm)</action>
        <action>ActivateWindow(1138)</action>
    </shortcut>
    <shortcut>
        <label>5</label>
        <label2>Common Shortcut</label2>
        <defaultID>settings</defaultID>
        <icon>special://skin/extras/icons/settings.png</icon>
        <action>ActivateWindow(Settings)</action>
    </shortcut>
</shortcuts>
