<?xml version="1.0" encoding="UTF-8"?>
<includes>

    <variable name="Label_Info_Title" containers="530,580,590,3001">
        <value condition="String.IsEmpty({listitem}.DBType) + String.IsEmpty({listitem}.ChannelNumberLabel) + String.IsEmpty({listitem}.ChannelName) + String.IsEmpty({listitem}.Title) + String.IsEmpty({listitem}.TVShowTitle) + String.IsEmpty({listitem}.AddonVersion)">$INFO[System.Date]</value>
        <value condition="[String.IsEqual({listitem}.DBType,season) | String.IsEqual({listitem}.DBType,episode)] + !String.IsEmpty({listitem}.TvShowTitle)">$INFO[{listitem}.TvShowTitle]</value>
        <value condition="String.IsEqual({listitem}.DBType,album) | String.IsEqual({listitem}.DBType,song)">$INFO[{listitem}.Album]</value>
        <value condition="!String.IsEmpty({listitem}.Title)">$INFO[{listitem}.Title]</value>
        <value condition="!String.IsEmpty({listitem}.Label)">$INFO[{listitem}.Label]</value>
        <value>$INFO[System.Date]</value>
    </variable>

    <variable name="Defs_PercentPlayed" containers="501,502,504,56" start="-15" end="17">
        <value condition="Window.IsVisible(AddonBrowser.xml) + String.EndsWith({listitem}.Label2,%)">$INFO[{listitem}.Label2]</value>
        <value condition="!String.IsEmpty({listitem}.PercentPlayed) + !Integer.IsEqual({listitem}.PercentPlayed,0)">$INFO[{listitem}.PercentPlayed]</value>
        <value condition="String.IsEqual({listitem}.Overlay,OverlayWatched.png) + !Skin.HasSetting(DisableIndicator.Watched)">100</value>
    </variable>

    <variable name="Image_Overlay" containers="501,502,504,56,5610" start="-15" end="17">
        <value condition="[String.IsEqual({listitem}.DBType,tvshow) | String.IsEqual({listitem}.DBType,season)] + !Integer.IsEqual({listitem}.Property(UnWatchedEpisodes),0) + !Skin.HasSetting(DisableIndicator.Episodes)">common/null.png</value>

        <value condition="{listitem}.IsRecording">indicator/record.png</value>
        <value condition="{listitem}.HasTimer">indicator/timer.png</value>
        <value condition="Skin.HasSetting(EnableClassicIndicators) + {listitem}.IsResumable + !Skin.HasSetting(DisableIndicator.Progress)">$VAR[Image_Overlay_IsResumable]</value>
        <value condition="{listitem}.IsResumable + !Skin.HasSetting(DisableIndicator.Progress)">indicator/timer.png</value>

        <value condition="String.IsEqual({listitem}.Overlay,OverlayWatched.png) + !Skin.HasSetting(DisableIndicator.Watched)">$VAR[Image_Overlay_Watched]</value>
        <value condition="Integer.IsGreater({listitem}.PlayCount,0) + !String.IsEqual({listitem}.DBType,song) + !String.IsEqual({listitem}.DBType,album) + !String.IsEqual({listitem}.DBType,artist) + !String.IsEqual({listitem}.DBType,image) + !String.IsEqual({listitem}.DBType,addon) + !Skin.HasSetting(DisableIndicator.Watched)">$VAR[Image_Overlay_Watched]</value>

        <value condition="String.IsEqual({listitem}.Overlay,OverlayUnwatched.png) + String.IsEqual({listitem}.DBType,movie) + [String.IsEqual({listitem}.Title,Window(Home).Property(LatestMovie.1.Title)) | String.IsEqual({listitem}.Title,Window(Home).Property(LatestMovie.2.Title)) | String.IsEqual({listitem}.Title,Window(Home).Property(LatestMovie.3.Title)) | String.IsEqual({listitem}.Title,Window(Home).Property(LatestMovie.4.Title)) | String.IsEqual({listitem}.Title,Window(Home).Property(LatestMovie.5.Title)) | String.IsEqual({listitem}.Title,Window(Home).Property(LatestMovie.6.Title)) | String.IsEqual({listitem}.Title,Window(Home).Property(LatestMovie.7.Title)) | String.IsEqual({listitem}.Title,Window(Home).Property(LatestMovie.8.Title)) | String.IsEqual({listitem}.Title,Window(Home).Property(LatestMovie.9.Title)) | String.IsEqual({listitem}.Title,Window(Home).Property(LatestMovie.10.Title))] + !Skin.HasSetting(DisableIndicator.New)">indicator/new.png</value>

        <value condition="String.IsEqual({listitem}.Overlay,OverlayUnwatched.png) + String.IsEqual({listitem}.DBType,episode) + [String.IsEqual({listitem}.Title,Window(Home).Property(LatestEpisode.1.EpisodeTitle)) | String.IsEqual({listitem}.Title,Window(Home).Property(LatestEpisode.2.EpisodeTitle)) | String.IsEqual({listitem}.Title,Window(Home).Property(LatestEpisode.3.EpisodeTitle)) | String.IsEqual({listitem}.Title,Window(Home).Property(LatestEpisode.4.EpisodeTitle)) | String.IsEqual({listitem}.Title,Window(Home).Property(LatestEpisode.5.EpisodeTitle)) | String.IsEqual({listitem}.Title,Window(Home).Property(LatestEpisode.6.EpisodeTitle)) | String.IsEqual({listitem}.Title,Window(Home).Property(LatestEpisode.7.EpisodeTitle)) | String.IsEqual({listitem}.Title,Window(Home).Property(LatestEpisode.8.EpisodeTitle)) | String.IsEqual({listitem}.Title,Window(Home).Property(LatestEpisode.9.EpisodeTitle)) | String.IsEqual({listitem}.Title,Window(Home).Property(LatestEpisode.10.EpisodeTitle))] + !Skin.HasSetting(DisableIndicator.New)">indicator/new.png</value>

        <value condition="!String.IsEmpty({listitem}.Property(Item.Info)) + !String.IsEmpty({listitem}.DBID) + !Skin.HasSetting(DisableIndicator.Library)">indicator/library.png</value>
        <value condition="{listitem}.IsCollection + !Skin.HasSetting(DisableIndicator.MovieSet)">indicator/movieset.png</value>

        <value condition="Window.IsVisible(AddonBrowser.xml) + !String.IsEmpty({listitem}.AddonBroken)">indicator/broken.png</value>
        <value condition="Window.IsVisible(AddonBrowser.xml) + {listitem}.Property(addon.orphaned)">indicator/orphaned.png</value>

        <value condition="Window.IsVisible(AddonBrowser.xml) + !Skin.HasSetting(EnableClassicIndicators) + {listitem}.Property(addon.downloading)">indicator/download.png</value>
        <value condition="Window.IsVisible(AddonBrowser.xml) + String.EndsWith({listitem}.Label2, 67%) | String.EndsWith({listitem}.Label2, 68%) | String.EndsWith({listitem}.Label2, 69%) | String.EndsWith({listitem}.Label2, 70%) | String.EndsWith({listitem}.Label2, 71%) | String.EndsWith({listitem}.Label2, 72%) | String.EndsWith({listitem}.Label2, 73%) | String.EndsWith({listitem}.Label2, 74%) | String.EndsWith({listitem}.Label2, 75%) | String.EndsWith({listitem}.Label2, 76%) | String.EndsWith({listitem}.Label2, 77%) | String.EndsWith({listitem}.Label2, 78%) | String.EndsWith({listitem}.Label2, 79%) | String.EndsWith({listitem}.Label2, 80%) | String.EndsWith({listitem}.Label2, 81%) | String.EndsWith({listitem}.Label2, 82%) | String.EndsWith({listitem}.Label2, 83%) | String.EndsWith({listitem}.Label2, 84%) | String.EndsWith({listitem}.Label2, 85%) | String.EndsWith({listitem}.Label2, 86%) | String.EndsWith({listitem}.Label2, 87%) | String.EndsWith({listitem}.Label2, 88%) | String.EndsWith({listitem}.Label2, 89%) | String.EndsWith({listitem}.Label2, 90%) | String.EndsWith({listitem}.Label2, 91%) | String.EndsWith({listitem}.Label2, 92%) | String.EndsWith({listitem}.Label2, 93%) | String.EndsWith({listitem}.Label2, 94%) | String.EndsWith({listitem}.Label2, 95%) | String.EndsWith({listitem}.Label2, 96%) | String.EndsWith({listitem}.Label2, 97%) | String.EndsWith({listitem}.Label2, 98%) | String.EndsWith({listitem}.Label2, 99%) | String.EndsWith({listitem}.Label2, 100%)">indicator/inprogress-75.png</value>
        <value condition="Window.IsVisible(AddonBrowser.xml) + String.EndsWith({listitem}.Label2, 34%) | String.EndsWith({listitem}.Label2, 35%) | String.EndsWith({listitem}.Label2, 36%) | String.EndsWith({listitem}.Label2, 37%) | String.EndsWith({listitem}.Label2, 38%) | String.EndsWith({listitem}.Label2, 39%) | String.EndsWith({listitem}.Label2, 40%) | String.EndsWith({listitem}.Label2, 41%) | String.EndsWith({listitem}.Label2, 42%) | String.EndsWith({listitem}.Label2, 43%) | String.EndsWith({listitem}.Label2, 44%) | String.EndsWith({listitem}.Label2, 45%) | String.EndsWith({listitem}.Label2, 46%) | String.EndsWith({listitem}.Label2, 47%) | String.EndsWith({listitem}.Label2, 48%) | String.EndsWith({listitem}.Label2, 49%) | String.EndsWith({listitem}.Label2, 50%) | String.EndsWith({listitem}.Label2, 51%) | String.EndsWith({listitem}.Label2, 52%) | String.EndsWith({listitem}.Label2, 53%) | String.EndsWith({listitem}.Label2, 54%) | String.EndsWith({listitem}.Label2, 55%) | String.EndsWith({listitem}.Label2, 56%) | String.EndsWith({listitem}.Label2, 57%) | String.EndsWith({listitem}.Label2, 58%) | String.EndsWith({listitem}.Label2, 59%) | String.EndsWith({listitem}.Label2, 60%) | String.EndsWith({listitem}.Label2, 61%) | String.EndsWith({listitem}.Label2, 62%) | String.EndsWith({listitem}.Label2, 63%) | String.EndsWith({listitem}.Label2, 64%) | String.EndsWith({listitem}.Label2, 65%) | String.EndsWith({listitem}.Label2, 66%)">indicator/inprogress-50.png</value>
        <value condition="Window.IsVisible(AddonBrowser.xml) + String.EndsWith({listitem}.Label2, 0%) | String.EndsWith({listitem}.Label2, 1%) | String.EndsWith({listitem}.Label2, 2%) | String.EndsWith({listitem}.Label2, 3%) | String.EndsWith({listitem}.Label2, 4%) | String.EndsWith({listitem}.Label2, 5%) | String.EndsWith({listitem}.Label2, 6%) | String.EndsWith({listitem}.Label2, 7%) | String.EndsWith({listitem}.Label2, 8%) | String.EndsWith({listitem}.Label2, 9%) | String.EndsWith({listitem}.Label2, 10%) | String.EndsWith({listitem}.Label2, 11%) | String.EndsWith({listitem}.Label2, 12%) | String.EndsWith({listitem}.Label2, 13%) | String.EndsWith({listitem}.Label2, 14%) | String.EndsWith({listitem}.Label2, 15%) | String.EndsWith({listitem}.Label2, 16%) | String.EndsWith({listitem}.Label2, 17%) | String.EndsWith({listitem}.Label2, 18%) | String.EndsWith({listitem}.Label2, 19%) | String.EndsWith({listitem}.Label2, 20%) | String.EndsWith({listitem}.Label2, 21%) | String.EndsWith({listitem}.Label2, 22%) | String.EndsWith({listitem}.Label2, 23%) | String.EndsWith({listitem}.Label2, 24%) | String.EndsWith({listitem}.Label2, 25%) | String.EndsWith({listitem}.Label2, 26%) | String.EndsWith({listitem}.Label2, 27%) | String.EndsWith({listitem}.Label2, 28%) | String.EndsWith({listitem}.Label2, 29%) | String.EndsWith({listitem}.Label2, 30%) | String.EndsWith({listitem}.Label2, 31%) | String.EndsWith({listitem}.Label2, 32%) | String.EndsWith({listitem}.Label2, 33%)">indicator/inprogress-25.png</value>

        <value condition="Window.IsVisible(AddonBrowser.xml) + {listitem}.Property(addon.isinstalled) + !{listitem}.Property(addon.isenabled)">indicator/disabled.png</value>
        <value condition="Window.IsVisible(AddonBrowser.xml) + {listitem}.Property(addon.hasupdate)">indicator/update.png</value>
        <value condition="Window.IsVisible(AddonBrowser.xml) + {listitem}.Property(addon.isinstalled)">indicator/library.png</value>
    </variable>

    <variable name="Image_Overlay_Backing" containers="501,502,504,56,5610" start="-15" end="17">
        <value condition="[String.IsEqual({listitem}.DBType,tvshow) | String.IsEqual({listitem}.DBType,season)] + !Integer.IsEqual({listitem}.Property(UnWatchedEpisodes),0) + !Skin.HasSetting(DisableIndicator.Episodes)">$VAR[Image_IndicatorStyle]</value>
        <value condition="{listitem}.IsRecording">$VAR[Image_IndicatorStyle]</value>
        <value condition="{listitem}.HasTimer">$VAR[Image_IndicatorStyle]</value>
        <value condition="{listitem}.IsResumable + !Skin.HasSetting(DisableIndicator.Progress)">$VAR[Image_IndicatorStyle]</value>

        <value condition="String.IsEqual({listitem}.Overlay,OverlayWatched.png) + !Skin.HasSetting(DisableIndicator.Watched)">$VAR[Image_IndicatorStyle]</value>
        <value condition="Integer.IsGreater({listitem}.PlayCount,0) + !String.IsEqual({listitem}.DBType,song) + !String.IsEqual({listitem}.DBType,album) + !String.IsEqual({listitem}.DBType,artist) + !String.IsEqual({listitem}.DBType,image) + !String.IsEqual({listitem}.DBType,addon) + !Skin.HasSetting(DisableIndicator.Watched)">$VAR[Image_IndicatorStyle]</value>

        <value condition="String.IsEqual({listitem}.Overlay,OverlayUnwatched.png) + String.IsEqual({listitem}.DBType,movie) + [String.IsEqual({listitem}.Title,Window(Home).Property(LatestMovie.1.Title)) | String.IsEqual({listitem}.Title,Window(Home).Property(LatestMovie.2.Title)) | String.IsEqual({listitem}.Title,Window(Home).Property(LatestMovie.3.Title)) | String.IsEqual({listitem}.Title,Window(Home).Property(LatestMovie.4.Title)) | String.IsEqual({listitem}.Title,Window(Home).Property(LatestMovie.5.Title)) | String.IsEqual({listitem}.Title,Window(Home).Property(LatestMovie.6.Title)) | String.IsEqual({listitem}.Title,Window(Home).Property(LatestMovie.7.Title)) | String.IsEqual({listitem}.Title,Window(Home).Property(LatestMovie.8.Title)) | String.IsEqual({listitem}.Title,Window(Home).Property(LatestMovie.9.Title)) | String.IsEqual({listitem}.Title,Window(Home).Property(LatestMovie.10.Title))] + !Skin.HasSetting(DisableIndicator.New)">$VAR[Image_IndicatorStyle]</value>

        <value condition="String.IsEqual({listitem}.Overlay,OverlayUnwatched.png) + String.IsEqual({listitem}.DBType,episode) + [String.IsEqual({listitem}.Title,Window(Home).Property(LatestEpisode.1.EpisodeTitle)) | String.IsEqual({listitem}.Title,Window(Home).Property(LatestEpisode.2.EpisodeTitle)) | String.IsEqual({listitem}.Title,Window(Home).Property(LatestEpisode.3.EpisodeTitle)) | String.IsEqual({listitem}.Title,Window(Home).Property(LatestEpisode.4.EpisodeTitle)) | String.IsEqual({listitem}.Title,Window(Home).Property(LatestEpisode.5.EpisodeTitle)) | String.IsEqual({listitem}.Title,Window(Home).Property(LatestEpisode.6.EpisodeTitle)) | String.IsEqual({listitem}.Title,Window(Home).Property(LatestEpisode.7.EpisodeTitle)) | String.IsEqual({listitem}.Title,Window(Home).Property(LatestEpisode.8.EpisodeTitle)) | String.IsEqual({listitem}.Title,Window(Home).Property(LatestEpisode.9.EpisodeTitle)) | String.IsEqual({listitem}.Title,Window(Home).Property(LatestEpisode.10.EpisodeTitle))] + !Skin.HasSetting(DisableIndicator.New)">$VAR[Image_IndicatorStyle]</value>

        <value condition="!String.IsEmpty({listitem}.Property(Item.Info)) + !String.IsEmpty({listitem}.DBID) + !Skin.HasSetting(DisableIndicator.Library)">$VAR[Image_IndicatorStyle]</value>
        <value condition="{listitem}.IsCollection + !Skin.HasSetting(DisableIndicator.MovieSet)">$VAR[Image_IndicatorStyle]</value>

        <value condition="Window.IsVisible(AddonBrowser.xml) + !String.IsEmpty({listitem}.Label2)">$VAR[Image_IndicatorStyle]</value>
    </variable>

    <variable name="Label_SmallLandscapeWidget_Sublabel" containers="501,502,504,56" start="-15" end="17">
        <value condition="!String.IsEmpty({listitem}.ChannelName)">$INFO[{listitem}.ChannelName]</value>
        <value condition="!String.IsEmpty({listitem}.Property(NextDay))">$INFO[{listitem}.Property(NextDay)]$INFO[{listitem}.Property(ShortTime), @ ,]</value>
        <value condition="!String.IsEmpty({listitem}.TvShowTitle) + !String.IsEqual({listitem}.Label,{listitem}.TvShowTitle)">$INFO[{listitem}.TvShowTitle]</value>
        <value condition="!String.IsEmpty({listitem}.Studio) + [String.IsEqual({listitem}.DBType,video) | [String.IsEmpty({listitem}.DBType) + String.IsEmpty({listitem}.Genre)]]">$INFO[{listitem}.Studio]$INFO[{listitem}.Duration, - ,]</value>
        <value condition="!String.IsEmpty({listitem}.Artist) + String.IsEmpty({listitem}.Genre)">$INFO[{listitem}.Artist]</value>
        <value condition="!String.IsEmpty({listitem}.Genre)">$INFO[{listitem}.Genre]</value>
        <value condition="!String.IsEmpty({listitem}.Duration)">$INFO[{listitem}.Duration]</value>
        <value condition="!String.IsEmpty({listitem}.AddonVersion)">$INFO[{listitem}.AddonVersion]</value>
        <value condition="!String.IsEmpty({listitem}.PictureResolution)">$INFO[{listitem}.PictureResolution]</value>
        <value condition="!String.IsEmpty({listitem}.Label2)">$INFO[{listitem}.Label2]</value>
    </variable>

    <variable name="Image_Banner" containers="56" start="-15" end="17">
        <value condition="!String.IsEmpty({listitem}.Art(banner))">$INFO[{listitem}.Art(banner)]</value>
        <value condition="!String.IsEmpty({listitem}.Art(tvshow.banner))">$INFO[{listitem}.Art(tvshow.banner)]</value>
        <value condition="!String.IsEmpty({listitem}.Art(fanart))">$INFO[{listitem}.Art(fanart)]</value>
        <value>$INFO[{listitem}.Icon]</value>
    </variable>

    <variable name="Image_Landscape" containers="501,502,504,56" start="-15" end="17">
        <value condition="Container.Content(images)">$INFO[{listitem}.Icon]</value>
        <value condition="!String.IsEmpty({listitem}.Art(thumb)) + String.IsEqual({listitem}.DBType,video) + !String.IsEqual({listitem}.Art(thumb),{listitem}.Art(fanart)) + !String.IsEqual({listitem}.Art(thumb),OverlaySpoiler.png)">$INFO[{listitem}.Art(thumb)]</value>
        <value condition="!String.IsEmpty({listitem}.Art(thumb)) + String.IsEqual({listitem}.DBType,episode) + String.IsEmpty({listitem}.Property(airday)) + !String.IsEqual({listitem}.Art(thumb),{listitem}.Art(fanart)) + !String.IsEqual({listitem}.Art(thumb),OverlaySpoiler.png) + !String.IsEqual({listitem}.Art(thumb),{listitem}.Art(poster)) + !String.IsEqual({listitem}.Art(thumb),{listitem}.Art(tvshow.poster)) + !String.IsEqual({listitem}.Art(thumb),{listitem}.ActualIcon)">$INFO[{listitem}.Art(thumb)]</value>
        <value condition="!String.IsEmpty({listitem}.Art(tvshow.landscape)) + !Skin.HasSetting(DisableLandscapeArt)">$INFO[{listitem}.Art(tvshow.landscape)]</value>
        <value condition="!String.IsEmpty({listitem}.Art(landscape)) + !Skin.HasSetting(DisableLandscapeArt)">$INFO[{listitem}.Art(landscape)]</value>
        <value condition="!String.IsEmpty({listitem}.Art(tvshow.fanart))">$INFO[{listitem}.Art(tvshow.fanart)]</value>
        <value condition="!String.IsEmpty({listitem}.Art(fanart))">$INFO[{listitem}.Art(fanart)]</value>
        <value condition="!String.IsEmpty({listitem}.Property(fanart))">$INFO[{listitem}.Property(fanart)]</value>
        <value condition="!String.IsEmpty({listitem}.Thumb)">$INFO[{listitem}.Thumb]</value>
        <value condition="!String.IsEmpty({listitem}.Art(thumb))">$INFO[{listitem}.Art(thumb)]</value>
        <value>$INFO[{listitem}.Icon]</value>
    </variable>

    <variable name="Label_Landscape_Title" containers="501,502,504,56" start="-15" end="17">
        <value condition="String.IsEqual({listitem}.DBType,album) | String.IsEqual({listitem}.DBType,song)">$INFO[{listitem}.Album]</value>
        <value condition="String.IsEqual({listitem}.DBType,episode)">$INFO[{listitem}.Label]</value>
        <value condition="!String.IsEmpty({listitem}.Title)">$INFO[{listitem}.Title]</value>
        <value condition="!String.IsEmpty({listitem}.Label)">$INFO[{listitem}.Label]</value>
        <value condition="Window.IsVisible(DialogAddonInfo.xml)">$LOCALIZE[31209]</value>
    </variable>

    <variable name="Image_DefaultIcon" containers="501,502,504,56" start="-15" end="17">
        <value condition="String.IsEqual({listitem}.DBType,country) | String.IsEqual({listitem}.Property(dbtype),country)">$INFO[{listitem}.Label,resource://resource.images.moviecountryicons.maps/,.png]</value>
        <value condition="String.IsEqual({listitem}.DBType,studio) | String.IsEqual({listitem}.Property(dbtype),studio)">$INFO[{listitem}.Label,resource://resource.images.studios.white/,.png]</value>
        <value condition="String.IsEqual({listitem}.DBType,genre) | String.IsEqual({listitem}.Property(dbtype),genre)">$VAR[Image_GenreIcons_Path]$INFO[{listitem}.Label,,.png]</value>
        <value>$INFO[{listitem}.Icon]</value>
    </variable>

    <variable name="Image_Poster" containers="501,502,504,56" start="-15" end="17">
        <value condition="!String.IsEmpty({listitem}.Art(season.poster)) + !Window.IsVisible(Home)">$INFO[{listitem}.Art(season.poster)]</value>
        <value condition="!String.IsEmpty({listitem}.Art(tvshow.poster)) + [String.IsEqual({listitem}.Property(Container.Info),library_nextaired) | String.IsEqual({listitem}.Property(Container.Info),trakt_calendar)]">$INFO[{listitem}.Art(tvshow.poster)]</value>
        <value condition="!String.IsEmpty({listitem}.Art(poster))">$INFO[{listitem}.Art(poster)]</value>
        <value condition="!String.IsEmpty({listitem}.Art(tvshow.poster))">$INFO[{listitem}.Art(tvshow.poster)]</value>
        <value condition="String.IsEmpty({listitem}.Icon)">$INFO[{listitem}.Art(tvshow.landscape)]</value>
        <value>$INFO[{listitem}.Icon]</value>
    </variable>


    <variable name="Label_Plot" containers="530,580,590,3001,5610">
        <value condition="Window.IsVisible(1140) + Control.HasFocus(5000)">$INFO[Container(5000).ListItem.Plot]</value>
        <value condition="!String.IsEmpty({listitem}.Property(Artist_Description))">$INFO[{listitem}.Property(Artist_Description)]</value>
        <value condition="!String.IsEmpty({listitem}.Property(Album_Description))">$INFO[{listitem}.Property(Album_Description)]</value>
        <value condition="!String.IsEmpty({listitem}.AddonDescription)">$INFO[{listitem}.AddonDescription]</value>
        <value condition="!String.IsEmpty({listitem}.PlotOutline) + Skin.HasSetting(PlotOutline)">$INFO[{listitem}.PlotOutline]</value>
        <value condition="!String.IsEmpty({listitem}.Plot)">$INFO[{listitem}.Plot]</value>
    </variable>

    <expression name="Exp_DefaultIcon" containers="501,502,504,56" start="-15" end="17">[String.IsEmpty({listitem}.Art(poster)) + String.IsEmpty({listitem}.Art(tvshow.poster)) + String.IsEmpty({listitem}.Art(fanart)) + String.IsEmpty({listitem}.Art(tvshow.fanart)) + String.IsEmpty({listitem}.Art(clearlogo))  + String.IsEmpty({listitem}.Art(landscape)) + [String.IsEqual({listitem}.Icon,{listitem}.ActualIcon) | [Window.IsVisible(AddonBrowser.xml) + String.IsEmpty({listitem}.AddonName)] | [Window.IsMedia + String.IsEmpty(Container.FolderPath)]]]</expression>

    <expression name="Exp_SpecialIcon" containers="501,502,504,56" start="-15" end="17">[[String.IsEqual({listitem}.DBType,country) | String.IsEqual({listitem}.Property(dbtype),country) | String.IsEqual({listitem}.DBType,studio) | String.IsEqual({listitem}.Property(dbtype),studio) | String.IsEqual({listitem}.DBType,genre) | String.IsEqual({listitem}.Property(dbtype),genre)] | [[!String.IsEmpty({listitem}.ChannelNumberLabel) | !String.IsEmpty({listitem}.ChannelName) | !String.IsEmpty({listitem}.ChannelNumber)] + [String.IsEmpty({listitem}.Art(poster)) + String.IsEmpty({listitem}.Art(tvshow.poster)) + String.IsEmpty({listitem}.Art(fanart))]]]</expression>


</includes>