<?xml version="1.0" encoding="UTF-8" standalone="yes"?>
<addon id="service.tvtunes" name="TVTunes" version="2.0.1" provider-name="Magic">
	<requires>
		<import addon="xbmc.python" version="3.0.0"/>
		<import addon="script.module.simplejson" version="3.17.0+matrix.2"/>
		<import addon="script.module.beautifulsoup4" version="4.8.2+matrix.1"/>
		<import addon="script.module.requests" version="2.22.0+matrix.1"/>
	</requires>
	<extension point="xbmc.service" library="service.py" start="login"/>
	<extension point="xbmc.python.module" library="resources/lib" />
	<extension point="xbmc.addon.metadata">
		<summary lang="en">Play your soundtrack or video themes whilst browsing your library</summary>
		<description lang="en">TvTunes will play themes whilst browsing your Kodi library.</description>
		<language></language>
		<platform>all</platform>
		<license>See LICENSE.txt</license>
		<forum>https://github.com/mkwilliams14/service.tvtunes</forum>
		<assets>
			<icon>icon.png</icon>
			<fanart>fanart.jpg</fanart>
			<screenshot>resources/screenshot-01.jpg</screenshot>
			<screenshot>resources/screenshot-02.jpg</screenshot>
			<screenshot>resources/screenshot-03.jpg</screenshot>
			<banner>resources/banner.jpg</banner>
			<logo>resources/logo.png</logo>
		</assets>
	</extension>
</addon>