<?xml version="1.0" encoding="UTF-8"?>
<includes>
    <include name="Object_56560_Item">
        <item>
            <property name="MainLabel">$INFO[$PARAM[listitem].Label]</property>
            <property name="Rating">$INFO[$PARAM[listitem].Rating]</property>
            <property name="UserRating">$INFO[$PARAM[listitem].UserRating]</property>
            <property name="Label2">$INFO[$PARAM[listitem].Label2]</property>
            <property name="DBType">$INFO[$PARAM[listitem].DBType]</property>
            <property name="FolderPath">$INFO[$PARAM[listitem].FolderPath]</property>
            <property name="MPAA">$INFO[$PARAM[listitem].MPAA]</property>
            <property name="Year">$INFO[$PARAM[listitem].Year]</property>
            <property name="Premiered">$INFO[$PARAM[listitem].Premiered]</property>
            <property name="EndTime">$INFO[$PARAM[listitem].EndTime]</property>
            <property name="Season">$INFO[$PARAM[listitem].Season]</property>
            <property name="Episode">$INFO[$PARAM[listitem].Episode]</property>
            <property name="ChannelNumberLabel">$INFO[$PARAM[listitem].ChannelNumberLabel]</property>
            <property name="ChannelName">$INFO[$PARAM[listitem].ChannelName]</property>
            <property name="StartTime">$INFO[$PARAM[listitem].StartTime]</property>
            <property name="NextStartTime">$INFO[$PARAM[listitem].NextStartTime]</property>
            <property name="NextEndTime">$INFO[$PARAM[listitem].NextEndTime]</property>
            <property name="EpisodeName">$INFO[$PARAM[listitem].EpisodeName]</property>
            <property name="EPGEventTitle">$INFO[$PARAM[listitem].EPGEventTitle]</property>
            <property name="Title">$INFO[$PARAM[listitem].Title]</property>
            <property name="Plot">$INFO[$PARAM[listitem].Plot]</property>
            <property name="Album_Description">$INFO[$PARAM[listitem].Property(Album_Description)]</property>
            <property name="Artist_Description">$INFO[$PARAM[listitem].Property(Artist_Description)]</property>
            <property name="AddonDescription">$INFO[$PARAM[listitem].AddonDescription]</property>
            <property name="TvShowTitle">$INFO[$PARAM[listitem].TvShowTitle]</property>
            <property name="AddonVersion">$INFO[$PARAM[listitem].AddonVersion]</property>
            <property name="AddonType">$INFO[$PARAM[listitem].AddonType]</property>
            <property name="AddonCreator">$INFO[$PARAM[listitem].AddonCreator]</property>
            <property name="Artist">$INFO[$PARAM[listitem].Artist]</property>
            <property name="Album">$INFO[$PARAM[listitem].Album]</property>
            <property name="AlbumArtist">$INFO[$PARAM[listitem].AlbumArtist]</property>
            <property name="Album_Label">$INFO[$PARAM[listitem].Property(Album_Label)]</property>
            <property name="Artist_Genre">$INFO[$PARAM[listitem].Property(Artist_Genre)]</property>
            <property name="Artist_YearsActive">$INFO[$PARAM[listitem].Property(Artist_YearsActive)]</property>
            <property name="Artist_Born">$INFO[$PARAM[listitem].Property(Artist_Born)]</property>
            <property name="WatchedEpisodes">$INFO[$PARAM[listitem].Property(WatchedEpisodes)]</property>
            <property name="TotalEpisodes">$INFO[$PARAM[listitem].Property(TotalEpisodes)]</property>
            <property name="VideoResolution">$INFO[$PARAM[listitem].VideoResolution]</property>
            <property name="IsCollection">$INFO[$PARAM[listitem].IsCollection]</property>
            <property name="Duration_H">$INFO[$PARAM[listitem].Duration(h)]</property>
            <property name="Duration_M">$INFO[$PARAM[listitem].Duration(mm)]</property>
            <property name="Duration_Mins">$INFO[$PARAM[listitem].Duration(mins)]</property>
            <property name="clearart">$INFO[$PARAM[listitem].Art(clearart)]</property>
            <property name="tvshow.clearart">$INFO[$PARAM[listitem].Art(tvshow.clearart)]</property>
            <property name="artist.clearart">$INFO[$PARAM[listitem].Art(artist.clearart)]</property>
            <property name="clearlogo">$INFO[$PARAM[listitem].Art(clearlogo)]</property>
            <property name="tvshow.clearlogo">$INFO[$PARAM[listitem].Art(tvshow.clearlogo)]</property>
            <property name="artist.clearlogo">$INFO[$PARAM[listitem].Art(artist.clearlogo)]</property>
            <property name="fanart">$INFO[$PARAM[listitem].Art(fanart)]</property>
            <nested />
        </item>
    </include>

    <include name="Object_Item">
        <item>
            <nested />
        </item>
    </include>

    <include name="Object_Control">
        <control type="$PARAM[type]" id="$PARAM[id]">
            <nested />
        </control>
    </include>

    <include name="Object_PosterBack">
        <param name="colordiffuse" default="AltPosterBack" />
        <param name="pad" default="0" />
        <definition>
            <control type="image">
                <include content="Defs_Pad">
                    <param name="pad" value="$PARAM[pad]" />
                </include>
                <bordersize>20</bordersize>
                <bordertexture border="30" colordiffuse="Shadow">common/shadow-20.png</bordertexture>
                <texture border="30" colordiffuse="$PARAM[colordiffuse]">common/box.png</texture>
                <nested />
            </control>
        </definition>
    </include>

    <include name="Object_Info_TextPair">
        <control type="grouplist">
            <height>80</height>
            <itemgap>0</itemgap>
            <orientation>vertical</orientation>
            <usecontrolcoords>true</usecontrolcoords>
            <visible>$PARAM[visible]</visible>
            <control type="label">
                <height>40</height>
                <aligny>center</aligny>
                <width>180</width>
                <font>font_small_bold</font>
                <textcolor>main_fg_100</textcolor>
                <label>$PARAM[label]</label>
            </control>
            <control type="label">
                <top>3</top>
                <height>40</height>
                <width>auto</width>
                <aligny>center</aligny>
                <font>font_plotbox</font>
                <textcolor>main_fg_90</textcolor>
                <label>$PARAM[infolabel]</label>
            </control>
        </control>
    </include>

    <include name="Object_ShadowSpot_Label">
        <param name="font" default="font_tiny" />
        <param name="textcolor" default="panel_fg_70" />
        <param name="height" default="40" />
        <param name="top" default="0" />
        <definition>
            <control type="label" id="$PARAM[id]">
                <top>$PARAM[top]</top>
                <width>auto</width>
                <height>$PARAM[height]</height>
                <align>left</align>
                <aligny>top</aligny>
                <textcolor>$PARAM[textcolor]</textcolor>
                <font>$PARAM[font]</font>
                <label>$PARAM[label]</label>
            </control>
        </definition>
    </include>

    <include name="Object_ShadowSpot_Grouplist">
        <control type="grouplist">
            <orientation>vertical</orientation>
            <left>view_pad</left>
            <top>view_pad</top>
            <itemgap>0</itemgap>
            <usecontrolcoords>true</usecontrolcoords>
            <nested />
        </control>
    </include>

    <include name="Object_ShadowSpot_Group">
        <param name="width" default="1000" />
        <param name="height" default="300" />
        <param name="left" default="0" />
        <definition>
            <control type="group" id="$PARAM[id]">
                <include>Animation_FadeIn</include>
                <left>$PARAM[left]</left>
                <top>0</top>
                <width>$PARAM[width]</width>
                <height>$PARAM[height]</height>
                <control type="image">
                    <left>-500</left>
                    <right>-500</right>
                    <top>-300</top>
                    <bottom>-300</bottom>
                    <aspectratio>stretch</aspectratio>
                    <texture>common/shadowspot.png</texture>
                </control>
                <control type="image">
                    <left>-500</left>
                    <right>-500</right>
                    <top>-300</top>
                    <bottom>-300</bottom>
                    <aspectratio>stretch</aspectratio>
                    <texture>common/shadowspot.png</texture>
                </control>
                <nested />
            </control>
        </definition>
    </include>

    <include name="Object_Settings_Info">
        <param name="id" default="6" />
        <param name="visible" default="!Control.HasFocus(300)" />
        <param name="label" default="" />
        <definition>
            <control type="group">
                <bottom>124</bottom>
                <left>view_pad</left>
                <right>view_pad</right>
                <height>view_pad</height>
                <visible>$PARAM[visible]</visible>
                <control type="group">
                    <left>488</left>
                    <control type="image">
                        <left>26</left>
                        <centertop>50%</centertop>
                        <height>32</height>
                        <width>32</width>
                        <aspectratio align="left">keep</aspectratio>
                        <texture colordiffuse="dialog_fg_70">buttons/info.png</texture>
                    </control>
                    <control type="textbox" id="$PARAM[id]">
                        <centertop>50%</centertop>
                        <left>82</left>
                        <right>30</right>
                        <height>60</height>
                        <textcolor>dialog_fg_70</textcolor>
                        <font>font_statusbar</font>
                        <aligny>center</aligny>
                        <label>$PARAM[label]</label>
                    </control>
                </control>
            </control>
        </definition>
    </include>

    <include name="Object_Wall_SortLetter">
        <control type="group">
            <animation type="Conditional" reversible="false" condition="!Container($PARAM[id]).OnScrollNext + !Container($PARAM[id]).OnScrollPrevious">
                <effect type="fade" start="100" end="0" time="300" delay="1000"/>
            </animation>
            <visible>$EXP[Exp_AlphabetTypes_Only] + Control.HasFocus($PARAM[id])</visible>
            <height>80</height>
            <width>80</width>
            <bottom>-20</bottom>
            <left>-20</left>
            <include>Dialog_Menu_BG</include>
            <control type="label">
                <label>[B]$INFO[Container($PARAM[id]).ListItem.SortLetter][/B]</label>
                <align>center</align>
                <aligny>center</aligny>
                <textcolor>dialog_fg_100</textcolor>
                <font>font_title_small</font>
            </control>
        </control>
    </include>

    <include name="Object_NowPlaying">
        <control type="progress" id="933">
            <include>Defs_Offscreen</include>
            <texturebg></texturebg>
            <lefttexture></lefttexture>
            <midtexture></midtexture>
            <righttexture></righttexture>
            <info>Player.Progress</info>
            <visible>false</visible>
        </control>

        <control type="group">
            <visible>Player.HasMedia</visible>
            <visible>!Window.IsVisible(DialogExtendedProgressBar.xml)</visible>
            <visible>!Window.IsVisible(DialogNotification.xml)</visible>
            <visible>!Window.IsVisible(DialogVolumeBar.xml)</visible>
            <include content="Dialog_Notification_Group">
                <param name="progress" value="Control.GetLabel(933)" />
                <param name="progress-id" value="933" />
                <param name="main_id" value="9901" />
                <param name="sub_id" value="9902" />
                <param name="nowplaying" value="true" />
                <param name="icon" value="$VAR[Image_NowPlaying]" />
                <param name="label" value="$VAR[Label_NowPlaying_Mainlabel]" />
                <param name="label2" value="$VAR[Label_NowPlaying_Sublabel]" />
            </include>
        </control>
    </include>

    <include name="Object_EnableInfoButtons_Setting">
        <control type="button" id="$PARAM[id]">
            <label>$PARAM[label]</label>
            <label2>$INFO[Skin.String($PARAM[skinstring])]</label2>
            <include>Dialog_Standard_Button</include>
            <onclick condition="!Skin.String($PARAM[skinstring],Search) + !Skin.String($PARAM[skinstring],Trailer) + !Skin.String($PARAM[skinstring],Watchlist) + !Skin.String($PARAM[skinstring],User Rating) + !Skin.String($PARAM[skinstring],Overview)">Skin.SetString($PARAM[skinstring],Search)</onclick>
            <onclick condition="Skin.String($PARAM[skinstring],Search)">Skin.SetString($PARAM[skinstring],Trailer)</onclick>
            <onclick condition="Skin.String($PARAM[skinstring],Trailer)">Skin.SetString($PARAM[skinstring],Watchlist)</onclick>
            <onclick condition="Skin.String($PARAM[skinstring],Watchlist)">Skin.SetString($PARAM[skinstring],User Rating)</onclick>
            <onclick condition="Skin.String($PARAM[skinstring],User Rating)">Skin.SetString($PARAM[skinstring],Overview)</onclick>
            <onclick condition="Skin.String($PARAM[skinstring],Overview)">Skin.SetString($PARAM[skinstring],None)</onclick>
        </control>
    </include>

    <include name="Object_PVR_Icon">
        <param name="bgcolor" default="main_bg" />
        <param name="fgcolor" default="main_fg" />
        <param name="font" default="font_small_bold" />
        <definition>
            <control type="image">
                <top>4</top>
                <right>4</right>
                <left>0</left>
                <bottom>0</bottom>
                <bordersize>20</bordersize>
                <texture colordiffuse="$PARAM[fgcolor]_100">$INFO[ListItem.Icon]</texture>
                <aspectratio aligny="center" align="right">keep</aspectratio>
                <visible>Skin.HasSetting(PVRGuide.ColorDiffuse)</visible>
            </control>
            <control type="image">
                <top>4</top>
                <right>4</right>
                <left>0</left>
                <bottom>0</bottom>
                <bordersize>20</bordersize>
                <texture>$INFO[ListItem.Icon]</texture>
                <aspectratio aligny="center" align="right">keep</aspectratio>
                <visible>!Skin.HasSetting(PVRGuide.ColorDiffuse)</visible>
            </control>
        </definition>
    </include>

    <include name="Object_Codecs">
        <param name="infohide" default="true" />
        <param name="directory" default="$VAR[Defs_ColorMode_Dir]" />
        <definition>
            <control type="grouplist">
                <top>20</top>
                <orientation>horizontal</orientation>
                <align>left</align>
                <height>72</height>
                <itemgap>20</itemgap>
                <usecontrolcoords>true</usecontrolcoords>
                <control type="image">
                    <left>-10</left>
                    <fadetime>100</fadetime>
                    <centertop>50%</centertop>
                    <width>64</width>
                    <height>42</height>
                    <aspectratio align="left">keep</aspectratio>
                    <texture colordiffuse="$VAR[Defs_ColorMode_ColorDiffuse]">flags/$PARAM[directory]/resolution/$INFO[ListItem.VideoResolution].png</texture>
                    <visible>String.IsEqual(ListItem.DBType,movie) | String.IsEqual(ListItem.DBType,episode) | String.IsEqual(ListItem.DBType,video)</visible>
                    <visible>!String.IsEmpty(ListItem.VideoResolution)</visible>
                </control>
                <control type="image">
                    <fadetime>100</fadetime>
                    <centertop>50%</centertop>
                    <width>71</width>
                    <height>48</height>
                    <aspectratio>keep</aspectratio>
                    <texture colordiffuse="$VAR[Defs_ColorMode_ColorDiffuse]">flags/$PARAM[directory]/source/$INFO[ListItem.VideoCodec].png</texture>
                    <visible>String.IsEqual(ListItem.DBType,movie) | String.IsEqual(ListItem.DBType,episode) | String.IsEqual(ListItem.DBType,video)</visible>
                    <visible>!String.IsEmpty(ListItem.VideoCodec)</visible>
                </control>
                <control type="image">
                    <fadetime>100</fadetime>
                    <centertop>50%</centertop>
                    <width>71</width>
                    <height>48</height>
                    <aspectratio>keep</aspectratio>
                    <texture colordiffuse="$VAR[Defs_ColorMode_ColorDiffuse]">flags/$PARAM[directory]/aspectratio/$INFO[ListItem.VideoAspect].png</texture>
                    <visible>String.IsEqual(ListItem.DBType,movie) | String.IsEqual(ListItem.DBType,episode) | String.IsEqual(ListItem.DBType,video)</visible>
                    <visible>!String.IsEmpty(ListItem.VideoAspect)</visible>
                </control>
                <control type="image">
                    <fadetime>100</fadetime>
                    <centertop>50%</centertop>
                    <width>71</width>
                    <height>48</height>
                    <aspectratio>keep</aspectratio>
                    <texture colordiffuse="$VAR[Defs_ColorMode_ColorDiffuse]">$VAR[Image_AudioCodec]</texture>
                    <visible>String.IsEqual(ListItem.DBType,movie) | String.IsEqual(ListItem.DBType,episode) | String.IsEqual(ListItem.DBType,video)</visible>
                    <visible>!String.IsEmpty(ListItem.AudioCodec)</visible>
                </control>
                <control type="image">
                    <fadetime>100</fadetime>
                    <centertop>50%</centertop>
                    <width>71</width>
                    <height>32</height>
                    <aspectratio>center</aspectratio>
                    <texture colordiffuse="$VAR[Defs_ColorMode_ColorDiffuse]">flags/$PARAM[directory]/channels/$INFO[ListItem.AudioChannels].png</texture>
                    <visible>String.IsEqual(ListItem.DBType,movie) | String.IsEqual(ListItem.DBType,episode) | String.IsEqual(ListItem.DBType,video)</visible>
                    <visible>!String.IsEmpty(ListItem.AudioChannels)</visible>
                </control>
                <control type="image">
                    <fadetime>100</fadetime>
                    <centertop>50%</centertop>
                    <width>64</width>
                    <height>56</height>
                    <aspectratio>keep</aspectratio>
                    <texture colordiffuse="$VAR[Defs_ColorMode_ColorDiffuse]">flags/$PARAM[directory]/other/3D.png</texture>
                    <visible>String.IsEqual(ListItem.DBType,movie) | String.IsEqual(ListItem.DBType,episode) | String.IsEqual(ListItem.DBType,video)</visible>
                    <visible>ListItem.IsStereoscopic</visible>
                </control>
                <control type="image">
                    <fadetime>100</fadetime>
                    <centertop>50%</centertop>
                    <width>71</width>
                    <height>56</height>
                    <aspectratio>keep</aspectratio>
                    <texture colordiffuse="$VAR[Defs_ColorMode_ColorDiffuse]">flags/$PARAM[directory]/other/HDR.png</texture>
                    <visible>String.IsEqual(ListItem.DBType,movie) | String.IsEqual(ListItem.DBType,episode) | String.IsEqual(ListItem.DBType,video)</visible>
                    <visible>String.Contains(ListItem.FileNameAndPath,HDR)</visible>
                </control>
                <control type="image" id="991100">
                    <fadetime>100</fadetime>
                    <centertop>50%</centertop>
                    <width>71</width>
                    <height>56</height>
                    <aspectratio>keep</aspectratio>
                    <texture colordiffuse="$VAR[Defs_ColorMode_ColorDiffuse]">$VAR[Image_RipSource]</texture>
                    <visible>String.IsEqual(ListItem.DBType,movie) | String.IsEqual(ListItem.DBType,episode) | String.IsEqual(ListItem.DBType,video) | !String.IsEmpty(Window(Home).Property(TMDbHelper.ListItem.Provider.1.Icon))</visible>
                </control>
                <control type="group">
                    <left>-111</left>
                    <width>0</width>
                    <visible>String.IsEqual(Control.GetLabel(991100),common/null.png)</visible>
                </control>
                <!-- <control type="image">
                    <fadetime>100</fadetime>
                    <centertop>50%</centertop>
                    <width>71</width>
                    <height>42</height>
                    <aspectratio>keep</aspectratio>
                    <texture>$INFO[ListItem.Studio,resource://resource.images.studios.coloured/,.png]</texture>
                </control> -->
                <include content="Object_Provider"><param name="pos" value="1" /></include>
                <include content="Object_Provider"><param name="pos" value="2" /></include>
                <include content="Object_Provider"><param name="pos" value="3" /></include>
                <include content="Object_Provider"><param name="pos" value="4" /></include>
                <include content="Object_Provider"><param name="pos" value="5" /></include>
                <include content="Object_Provider"><param name="pos" value="6" /></include>
                <include content="Object_Provider"><param name="pos" value="7" /></include>
                <include content="Object_Provider"><param name="pos" value="8" /></include>
                <include content="Object_Provider"><param name="pos" value="9" /></include>
                <include content="Object_Provider"><param name="pos" value="10" /></include>
            </control>
        </definition>
    </include>

    <include name="Object_Provider">
        <control type="image">
            <width>56</width>
            <height>40</height>
            <centertop>50%</centertop>
            <aspectratio>keep</aspectratio>
            <texture background="True" diffuse="diffuse/provider.png">$INFO[Window(Home).Property(TMDbHelper.ListItem.Provider.$PARAM[pos].Icon)]</texture>
            <visible>[String.IsEmpty(ListItem.VideoCodec) + String.IsEmpty(ListItem.AudioCodec)]</visible>
            <visible>!String.IsEmpty(Window(Home).Property(TMDbHelper.ListItem.Provider.$PARAM[pos].Icon))</visible>
        </control>
    </include>

    <include name="Object_Languages_Items">
        <control type="image">
            <top>5</top>
            <left>1</left>
            <height>24</height>
            <width>24</width>
            <texture colordiffuse="main_fg_90">flags/video.png</texture>
            <visible>!String.IsEmpty($PARAM[container]ListItem.VideoCodec)</visible>
        </control>
        <control type="label">
            <top>0</top>
            <left>-20</left>
            <align>left</align>
            <aligny>center</aligny>
            <width>auto</width>
            <font>font_mini</font>
            <textcolor>main_fg_70</textcolor>
            <label>$INFO[$PARAM[container]ListItem.VideoCodec]$INFO[$PARAM[container]ListItem.VideoResolution,  •  ,]$INFO[$PARAM[container]ListItem.VideoAspect,  •  ,]</label>
            <height>32</height>
            <visible>!String.IsEmpty($PARAM[container]ListItem.VideoCodec)</visible>
        </control>
        <control type="image">
            <top>5</top>
            <height>24</height>
            <width>24</width>
            <texture colordiffuse="main_fg_90">flags/audio.png</texture>
            <visible>!String.IsEmpty($PARAM[container]ListItem.AudioCodec)</visible>
        </control>
        <control type="label">
            <top>0</top>
            <left>-20</left>
            <align>left</align>
            <aligny>center</aligny>
            <width>auto</width>
            <font>font_mini</font>
            <textcolor>main_fg_70</textcolor>
            <label>$INFO[$PARAM[container]ListItem.AudioCodec]$VAR[Label_AudioChannels,  •  ,]</label>
            <height>32</height>
            <visible>!String.IsEmpty($PARAM[container]ListItem.AudioCodec)</visible>
        </control>

        <control type="image">
            <top>5</top>
            <height>24</height>
            <width>24</width>
            <texture colordiffuse="main_fg_90">flags/language.png</texture>
            <visible>!String.IsEmpty($PARAM[container]ListItem.Property(AudioLanguage.1))</visible>
        </control>
        <control type="label">
            <top>0</top>
            <left>-20</left>
            <align>left</align>
            <aligny>center</aligny>
            <width>auto</width>
            <font>font_mini</font>
            <textcolor>main_fg_70</textcolor>
            <label>$INFO[$PARAM[container]ListItem.Property(AudioLanguage.1)]$INFO[$PARAM[container]ListItem.Property(AudioLanguage.2), / ,]$INFO[$PARAM[container]ListItem.Property(AudioLanguage.3), / ,]$INFO[$PARAM[container]ListItem.Property(AudioLanguage.4), / ,]$INFO[$PARAM[container]ListItem.Property(AudioLanguage.5), / ,]</label>
            <visible>!String.IsEmpty($PARAM[container]ListItem.Property(AudioLanguage.1))</visible>
            <height>32</height>
        </control>

        <control type="image">
            <top>5</top>
            <height>24</height>
            <width>24</width>
            <texture colordiffuse="main_fg_90">flags/subtitles.png</texture>
            <visible>!String.IsEmpty($PARAM[container]ListItem.Property(SubtitleLanguage.1))</visible>
        </control>
        <control type="label">
            <top>0</top>
            <left>-20</left>
            <align>left</align>
            <aligny>center</aligny>
            <width>auto</width>
            <font>font_mini</font>
            <textcolor>main_fg_70</textcolor>
            <label>$INFO[$PARAM[container]ListItem.Property(SubtitleLanguage.1)]$INFO[$PARAM[container]ListItem.Property(SubtitleLanguage.2), / ,]$INFO[$PARAM[container]ListItem.Property(SubtitleLanguage.3), / ,]$INFO[$PARAM[container]ListItem.Property(SubtitleLanguage.4), / ,]$INFO[$PARAM[container]ListItem.Property(SubtitleLanguage.5), / ,]</label>
            <height>32</height>
            <visible>!String.IsEmpty($PARAM[container]ListItem.Property(SubtitleLanguage.1))</visible>
        </control>

        <control type="image">
            <top>5</top>
            <height>24</height>
            <width>24</width>
            <texture colordiffuse="main_fg_90">flags/lang.png</texture>
            <visible>!String.IsEmpty($PARAM[container]ListItem.Country)</visible>
        </control>
        <control type="label">
            <left>-20</left>
            <top>0</top>
            <align>left</align>
            <aligny>center</aligny>
            <width>auto</width>
            <font>font_mini</font>
            <textcolor>main_fg_70</textcolor>
            <label>$VAR[Label_Country]</label>
            <height>32</height>
            <visible>!String.IsEmpty($PARAM[container]ListItem.Country)</visible>
        </control>
    </include>

    <include name="Object_Languages_Right"><right>600</right></include>

    <include name="Object_Languages">
        <param name="infohide" default="true" />
        <definition>
            <control type="group">
                <visible>![Window.IsVisible(SkinSettings.xml) | Window.IsVisible(SettingsCategory.xml) | Window.IsVisible(SettingsProfile.xml) | Window.IsVisible(SettingsSystemInfo.xml)]</visible>
                <visible>!Window.IsVisible(DialogExtendedProgressBar.xml)</visible>
                <visible>!Window.IsVisible(DialogNotification.xml)</visible>
                <visible>Skin.HasSetting(EnableLanguages)</visible>
                <height>view_pad</height>
                <bottom>0</bottom>
                <left>view_pad</left>
                <right>view_pad</right>
                <include condition="$PARAM[infohide]">Defs_InfoDialog_Visible</include>
                <control type="grouplist">
                    <centertop>50%</centertop>
                    <height>32</height>
                    <align>left</align>
                    <itemgap>40</itemgap>
                    <include condition="!Skin.HasSetting(DisableCodecs)">Object_Languages_Right</include>
                    <orientation>horizontal</orientation>
                    <usecontrolcoords>true</usecontrolcoords>
                    <include>Object_Languages_Items</include>
                    <nested />
                </control>
            </control>
        </definition>
    </include>

    <include name="Object_Info_Ratings">
        <param name="top" default="-14" />
        <param name="imdbvotes" default="false" />
        <param name="top250" default="true" />
        <param name="oscars" default="true" />
        <param name="additionalratings" default="true" />
        <param name="userrating" default="ListItem.UserRating" />
        <param name="starrating" default="ListItem.Rating" />
        <param name="tmdbtype" default="ListItem" />
        <definition>
            <control type="group">
                <nested />
                <top>$PARAM[top]</top>
                <height>66</height>
                <control type="group">
                    <left>-14</left>
                    <visible>String.IsEmpty($PARAM[userrating])</visible>
                    <visible>!Skin.HasSetting(DisableStarRating)</visible>
                    <visible>!Window.IsVisible(DialogPVRInfo.xml)</visible>
                    <visible>!Skin.HasSetting(NumericStarRating)</visible>
                    <include content="Object_StarRating">
                        <param name="rating_prop" value="$PARAM[starrating]" />
                    </include>
                </control>
                <control type="group">
                    <left>-14</left>
                    <visible>!String.IsEmpty($PARAM[userrating])</visible>
                    <visible>!Skin.HasSetting(DisableStarRating)</visible>
                    <visible>!Skin.HasSetting(NumericStarRating)</visible>
                    <visible>!Window.IsVisible(DialogPVRInfo.xml)</visible>
                    <include content="Object_StarRating">
                        <param name="rating_prop" value="$PARAM[userrating]" />
                    </include>
                </control>
                <control type="group">
                    <top>41</top>
                    <left>260</left>
                    <visible>$PARAM[additionalratings]</visible>
                    <include content="Object_Ratings_Content" condition="!Skin.HasSetting(DisableStarRating) + !Skin.HasSetting(NumericStarRating) + !Window.IsVisible(DialogPVRInfo.xml)">
                        <param name="colordiffuse" value="main_fg" />
                        <param name="align" value="left" />
                        <param name="imdbvotes" value="$PARAM[imdbvotes]" />
                        <param name="top250" value="$PARAM[top250]" />
                        <param name="oscars" value="$PARAM[oscars]" />
                        <param name="userrating" value="$PARAM[userrating]" />
                        <param name="starrating" value="$PARAM[starrating]" />
                        <param name="tmdbtype" value="$PARAM[tmdbtype]" />
                    </include>
                </control>
                <control type="group">
                    <top>41</top>
                    <left>0</left>
                    <visible>$PARAM[additionalratings]</visible>
                    <include content="Object_Ratings_Content" condition="Skin.HasSetting(DisableStarRating) | Skin.HasSetting(NumericStarRating) | Window.IsVisible(DialogPVRInfo.xml)">
                        <param name="colordiffuse" value="main_fg" />
                        <param name="align" value="left" />
                        <param name="imdbvotes" value="$PARAM[imdbvotes]" />
                        <param name="top250" value="$PARAM[top250]" />
                        <param name="oscars" value="$PARAM[oscars]" />
                        <param name="userrating" value="$PARAM[userrating]" />
                        <param name="starrating" value="$PARAM[starrating]" />
                        <param name="tmdbtype" value="$PARAM[tmdbtype]" />
                    </include>
                </control>
            </control>
        </definition>
    </include>

    <include name="Object_Info_Ratings_Wall">
        <param name="top" default="-14" />
        <param name="imdbvotes" default="false" />
        <param name="top250" default="true" />
        <param name="oscars" default="true" />
        <param name="additionalratings" default="true" />
        <param name="userrating" default="ListItem.UserRating" />
        <param name="starrating" default="ListItem.Rating" />
        <param name="tmdbtype" default="ListItem" />
        <definition>
            <control type="group">
                <nested />
                <top>$PARAM[top]</top>
                <height>66</height>
                <control type="group">
                    <top>41</top>
                    <left>0</left>
                    <visible>$PARAM[additionalratings]</visible>
                    <include content="Object_Ratings_Content" condition="!Window.IsVisible(DialogPVRInfo.xml)">
                        <param name="colordiffuse" value="main_fg" />
                        <param name="align" value="left" />
                        <param name="imdbvotes" value="$PARAM[imdbvotes]" />
                        <param name="top250" value="$PARAM[top250]" />
                        <param name="oscars" value="$PARAM[oscars]" />
                        <param name="userrating" value="$PARAM[userrating]" />
                        <param name="starrating" value="$PARAM[starrating]" />
                        <param name="tmdbtype" value="$PARAM[tmdbtype]" />
                    </include>
                </control>
            </control>
        </definition>
    </include>

    <include name="Object_Info_Line_Label">
        <param name="divider" default="true" />
        <param name="visible" default="true" />
        <param name="fallback" default="" />
        <definition>
            <control type="label">
                <width>auto</width>
                <label>  |  </label>
                <height>40</height>
                <aligny>top</aligny>
                <textcolor>$VAR[ColorHighlight]</textcolor>
                <font>font_small</font>
                <visible>$PARAM[divider]</visible>
                <visible>$PARAM[visible]</visible>
            </control>
            <control type="label">
                <width>auto</width>
                <label fallback="$PARAM[fallback]">$PARAM[label]</label>
                <height>40</height>
                <aligny>top</aligny>
                <textcolor>$PARAM[textcolor]</textcolor>
                <font>font_small</font>
                <visible>$PARAM[visible]</visible>
            </control>
        </definition>
    </include>

    <include name="Object_Info_Line">
        <param name="label" default="$VAR[Label_InfoLine]" />
        <param name="image" default="$VAR[Image_VideoQuality]" />
        <param name="textcolor" default="main_fg_100" />
        <definition>
            <control type="grouplist">
                <height>42</height>
                <orientation>horizontal</orientation>
                <usecontrolcoords>true</usecontrolcoords>
                <itemgap>0</itemgap>
                <control type="image">
                    <top>10</top>
                    <width>37</width>
                    <height>24</height>
                    <aspectratio align="left">keep</aspectratio>
                    <texture colordiffuse="$PARAM[textcolor]">$PARAM[image]</texture>
                </control>
                <control type="label">
                    <width>auto</width>
                    <label>$PARAM[label]</label>
                    <height>40</height>
                    <aligny>top</aligny>
                    <textcolor>$VAR[ColorHighlight]</textcolor>
                    <font>font_small</font>
                </control>
                <nested />
                <left>0</left>
                <right>0</right>
            </control>
        </definition>
    </include>

    <include name="Object_Info_Title">
        <param name="label" default="$VAR[Label_Info_Title]" />
        <param name="font" default="font_title_large" />
        <param name="titleheight" default="72" />
        <param name="textcolor" default="main_fg_100" />
        <definition>
            <control type="label">
                <label>$PARAM[label]</label>
                <height>$PARAM[titleheight]</height>
                <aligny>top</aligny>
                <textcolor>$PARAM[textcolor]</textcolor>
                <font>$PARAM[font]</font>
                <nested />
            </control>
        </definition>
    </include>

    <include name="Object_Info_Plot">
        <param name="height" default="180" />
        <param name="title" default="" />
        <param name="label" default="$VAR[Label_Plot]" />
        <param name="control-type" default="textbox" />
        <definition>
            <control type="$PARAM[control-type]">
                <nested />
                <top>35</top>
                <label>$PARAM[title]$PARAM[label]</label>
                <height>$PARAM[height]</height>
                <aligny>top</aligny>
                <textcolor>main_fg_70</textcolor>
                <font>font_plotbox</font>
                <scroll>true</scroll>
                <scrollout>false</scrollout>
                <autoscroll delay="6000" time="3000" repeat="10000">!Skin.HasSetting(DisablePlotAutoScroll)</autoscroll>
            </control>
        </definition>
    </include>

    <include name="Object_Poster">
        <param name="icon" default="$VAR[Image_Poster]" />
        <param name="aspectratio" default="scale" />
        <param name="visible" default="true" />
        <param name="bordersize" default="15" />
        <param name="fadetime" default="0" />
        <param name="background" default="true" />
        <definition>
            <control type="image">
                <fadetime>$PARAM[fadetime]</fadetime>
                <bordersize>$PARAM[bordersize]</bordersize>
                <aspectratio scalediffuse="false">$PARAM[aspectratio]</aspectratio>
                <texture background="$PARAM[background]" diffuse="$PARAM[diffuse]" colordiffuse="$PARAM[colordiffuse]" fallback="$PARAM[fallback]" flipy="$PARAM[flipy]">$PARAM[icon]</texture>
                <visible>$PARAM[visible]</visible>
                <nested />
            </control>
        </definition>
    </include>

    <include name="Object_Artwork">
        <param name="Exp_DefaultIcon" default="$EXP[Exp_DefaultIcon]" />
        <param name="Exp_SpecialIcon" default="$EXP[Exp_SpecialIcon]" />
        <param name="Image_DefaultIcon" default="$VAR[Image_DefaultIcon]" />
        <param name="specialicon" default="true" />
        <definition>
            <include content="Object_Poster" condition="$PARAM[specialicon]">
                <param name="icon" value="$PARAM[Image_DefaultIcon]" />
                <param name="colordiffuse" value="main_fg_100" />
                <param name="aspectratio" value="keep" />
                <param name="bordersize" value="25" />
                <param name="visible" value="$PARAM[Exp_DefaultIcon] + !$PARAM[Exp_SpecialIcon]"/>
            </include>
            <include content="Object_Poster" condition="$PARAM[specialicon]">
                <param name="icon" value="$PARAM[Image_DefaultIcon]" />
                <param name="colordiffuse" value="main_fg_90" />
                <param name="aspectratio" value="keep" />
                <param name="bordersize" value="40" />
                <param name="visible" value="$PARAM[Exp_SpecialIcon]" />
            </include>
            <include content="Object_Poster" condition="$PARAM[specialicon]">
                <param name="icon" value="$PARAM[icon]" />
                <param name="diffuse" value="$PARAM[diffuse]" />
                <param name="aspectratio" value="$PARAM[aspectratio]" />
                <param name="bordersize" value="$PARAM[bordersize]" />
                <param name="visible" value="!$PARAM[Exp_DefaultIcon] + !$PARAM[Exp_SpecialIcon]" />
            </include>
            <include content="Object_Poster" condition="!$PARAM[specialicon]">
                <param name="icon" value="$PARAM[icon]" />
                <param name="diffuse" value="$PARAM[diffuse]" />
                <param name="aspectratio" value="$PARAM[aspectratio]" />
                <param name="bordersize" value="$PARAM[bordersize]" />
                <param name="visible" value="true" />
            </include>
        </definition>
    </include>

    <include name="Object_Info_Button_Left">
        <control type="group">
            <visible>$PARAM[visible]</visible>
            <control type="image">
                <texture colordiffuse="$PARAM[colordiffuse-texture]" border="50,50,0,50">$PARAM[texture]</texture>
                <right>24</right>
            </control>
            <control type="image">
                <left>24</left>
                <centertop>50%</centertop>
                <width>60</width>
                <height>60</height>
                <texture colordiffuse="$PARAM[colordiffuse-icon]">$PARAM[icon]</texture>
            </control>
        </control>
    </include>

    <include name="Object_Info_Button">
        <param name="visible" default="true" />
        <param name="control-type" default="button" />
        <param name="width" default="auto" />
        <param name="focused" default="false" />
        <definition>
            <control type="group" id="$PARAM[groupid]">
                <left>0</left>
                <width>100</width>
                <height>100</height>
                <visible>$PARAM[visible]</visible>
                <include content="Object_Info_Button_Left">
                    <param name="visible" value="Control.HasFocus($PARAM[id]) | $PARAM[focused]" />
                    <param name="texture" value="common/button-view-fo.png" />
                    <param name="icon" value="$PARAM[icon]" />
                    <param name="colordiffuse-icon" value="panel_bg" />
                    <param name="colordiffuse-texture" value="Selected" />
                </include>
                <include content="Object_Info_Button_Left">
                    <param name="visible" value="![Control.HasFocus($PARAM[id]) | $PARAM[focused]]" />
                    <param name="texture" value="common/button-view-nf.png" />
                    <param name="icon" value="$PARAM[icon]" />
                    <param name="colordiffuse-icon" value="main_fg_70" />
                    <param name="colordiffuse-texture" value="main_fg_12" />
                </include>
            </control>
            <control type="$PARAM[control-type]" id="$PARAM[id]">
                <left>-14</left>
                <width>$PARAM[width]</width>
                <visible>$PARAM[visible]</visible>
                <height>100</height>
                <texturenofocus border="0,50,50,50" flipx="true" colordiffuse="main_fg_12">common/button-view-nf.png</texturenofocus>
                <texturefocus border="0,50,50,50" flipx="true" colordiffuse="Selected">common/button-view-fo.png</texturefocus>
                <font>font_info_buttons</font>
                <label>$PARAM[label][COLOR=00ffffff]------[/COLOR]</label>
                <align>left</align>
                <textoffsetx>10</textoffsetx>
                <textcolor>main_fg_70</textcolor>
                <focusedcolor>panel_bg</focusedcolor>
                <nested />
            </control>
        </definition>
    </include>

    <include name="Object_StarRating">
        <param name="align" default="left" />
        <param name="rating_prop" default="ListItem.Rating" />
        <param name="visible" default="true" />
        <param name="left" default="0" />
        <param name="colordiffuse" default="main_fg" />
        <definition>
            <control type="group">
                <left>$PARAM[left]</left>
                <height>64</height>
                <visible>$PARAM[visible]</visible>
                <control type="grouplist">
                    <top>24</top>
                    <orientation>horizontal</orientation>
                    <align>$PARAM[align]</align>
                    <height>64</height>
                    <itemgap>-16</itemgap>
                    <control type="image">
                        <height>64</height>
                        <width>64</width>
                        <texture colordiffuse="$PARAM[colordiffuse]_30">flags/star10.png</texture>
                    </control>
                    <control type="image">
                        <height>64</height>
                        <width>64</width>
                        <texture colordiffuse="$PARAM[colordiffuse]_30">flags/star10.png</texture>
                    </control>
                    <control type="image">
                        <height>64</height>
                        <width>64</width>
                        <texture colordiffuse="$PARAM[colordiffuse]_30">flags/star10.png</texture>
                    </control>
                    <control type="image">
                        <height>64</height>
                        <width>64</width>
                        <texture colordiffuse="$PARAM[colordiffuse]_30">flags/star10.png</texture>
                    </control>
                    <control type="image">
                        <height>64</height>
                        <width>64</width>
                        <texture colordiffuse="$PARAM[colordiffuse]_30">flags/star10.png</texture>
                    </control>
                </control>
                <control type="grouplist">
                    <top>24</top>
                    <orientation>horizontal</orientation>
                    <align>$PARAM[align]</align>
                    <height>64</height>
                    <itemgap>-16</itemgap>
                    <control type="image">
                        <height>64</height>
                        <width>64</width>
                        <include content="Defs_Texture" condition="!Skin.HasSetting(EnableMonochromeFlags)">
                            <param name="texture" value="flags/star5.png" />
                            <param name="colordiffuse" value="ffeebb00" />
                        </include>
                        <texture colordiffuse="$PARAM[colordiffuse]_100">flags/star5.png</texture>
                        <animation effect="fade" start="100" end="0" condition="!String.StartsWith($PARAM[rating_prop],1)">Conditional</animation>
                    </control>
                    <control type="image">
                        <height>64</height>
                        <width>64</width>
                        <include content="Defs_Texture" condition="!Skin.HasSetting(EnableMonochromeFlags)">
                            <param name="texture" value="flags/star5.png" />
                            <param name="colordiffuse" value="ffeebb00" />
                        </include>
                        <texture colordiffuse="$PARAM[colordiffuse]_100">flags/star5.png</texture>
                        <animation effect="fade" start="100" end="0" condition="!String.StartsWith($PARAM[rating_prop],3)">Conditional</animation>
                    </control>
                    <control type="image">
                        <height>64</height>
                        <width>64</width>
                        <include content="Defs_Texture" condition="!Skin.HasSetting(EnableMonochromeFlags)">
                            <param name="texture" value="flags/star5.png" />
                            <param name="colordiffuse" value="ffeebb00" />
                        </include>
                        <texture colordiffuse="$PARAM[colordiffuse]_100">flags/star5.png</texture>
                        <animation effect="fade" start="100" end="0" condition="!String.StartsWith($PARAM[rating_prop],5)">Conditional</animation>
                    </control>
                    <control type="image">
                        <height>64</height>
                        <width>64</width>
                        <include content="Defs_Texture" condition="!Skin.HasSetting(EnableMonochromeFlags)">
                            <param name="texture" value="flags/star5.png" />
                            <param name="colordiffuse" value="ffeebb00" />
                        </include>
                        <texture colordiffuse="$PARAM[colordiffuse]_100">flags/star5.png</texture>
                        <animation effect="fade" start="100" end="0" condition="!String.StartsWith($PARAM[rating_prop],7)">Conditional</animation>
                    </control>
                    <control type="image">
                        <height>64</height>
                        <width>64</width>
                        <include content="Defs_Texture" condition="!Skin.HasSetting(EnableMonochromeFlags)">
                            <param name="texture" value="flags/star5.png" />
                            <param name="colordiffuse" value="ffeebb00" />
                        </include>
                        <texture colordiffuse="$PARAM[colordiffuse]_100">flags/star5.png</texture>
                        <animation effect="fade" start="100" end="0" condition="!String.StartsWith($PARAM[rating_prop],9)">Conditional</animation>
                    </control>
                </control>
                <control type="grouplist">
                    <top>24</top>
                    <orientation>horizontal</orientation>
                    <align>$PARAM[align]</align>
                    <height>64</height>
                    <itemgap>-16</itemgap>
                    <control type="image">
                        <height>64</height>
                        <width>64</width>
                        <include content="Defs_Texture" condition="!Skin.HasSetting(EnableMonochromeFlags)">
                            <param name="texture" value="flags/star10.png" />
                            <param name="colordiffuse" value="ffeebb00" />
                        </include>
                        <texture colordiffuse="$PARAM[colordiffuse]_100">flags/star10.png</texture>
                        <animation effect="fade" start="100" end="0" condition="!String.StartsWith($PARAM[rating_prop],10) + !String.StartsWith($PARAM[rating_prop],9) + !String.StartsWith($PARAM[rating_prop],8) + !String.StartsWith($PARAM[rating_prop],7) + !String.StartsWith($PARAM[rating_prop],6) + !String.StartsWith($PARAM[rating_prop],5) + !String.StartsWith($PARAM[rating_prop],4) + !String.StartsWith($PARAM[rating_prop],3) + !String.StartsWith($PARAM[rating_prop],2)">Conditional</animation>
                    </control>
                    <control type="image">
                        <height>64</height>
                        <width>64</width>
                        <include content="Defs_Texture" condition="!Skin.HasSetting(EnableMonochromeFlags)">
                            <param name="texture" value="flags/star10.png" />
                            <param name="colordiffuse" value="ffeebb00" />
                        </include>
                        <texture colordiffuse="$PARAM[colordiffuse]_100">flags/star10.png</texture>
                        <animation effect="fade" start="100" end="0" condition="!String.StartsWith($PARAM[rating_prop],10) + !String.StartsWith($PARAM[rating_prop],9) + !String.StartsWith($PARAM[rating_prop],8) + !String.StartsWith($PARAM[rating_prop],7) + !String.StartsWith($PARAM[rating_prop],6) + !String.StartsWith($PARAM[rating_prop],5) + !String.StartsWith($PARAM[rating_prop],4)">Conditional</animation>
                    </control>
                    <control type="image">
                        <height>64</height>
                        <width>64</width>
                        <include content="Defs_Texture" condition="!Skin.HasSetting(EnableMonochromeFlags)">
                            <param name="texture" value="flags/star10.png" />
                            <param name="colordiffuse" value="ffeebb00" />
                        </include>
                        <texture colordiffuse="$PARAM[colordiffuse]_100">flags/star10.png</texture>
                        <animation effect="fade" start="100" end="0" condition="!String.StartsWith($PARAM[rating_prop],10) + !String.StartsWith($PARAM[rating_prop],9) + !String.StartsWith($PARAM[rating_prop],8) + !String.StartsWith($PARAM[rating_prop],7) + !String.StartsWith($PARAM[rating_prop],6)">Conditional</animation>
                    </control>
                    <control type="image">
                        <height>64</height>
                        <width>64</width>
                        <include content="Defs_Texture" condition="!Skin.HasSetting(EnableMonochromeFlags)">
                            <param name="texture" value="flags/star10.png" />
                            <param name="colordiffuse" value="ffeebb00" />
                        </include>
                        <texture colordiffuse="$PARAM[colordiffuse]_100">flags/star10.png</texture>
                        <animation effect="fade" start="100" end="0" condition="!String.StartsWith($PARAM[rating_prop],10) + !String.StartsWith($PARAM[rating_prop],9) + !String.StartsWith($PARAM[rating_prop],8)">Conditional</animation>
                    </control>
                    <control type="image">
                        <height>64</height>
                        <width>64</width>
                        <include content="Defs_Texture" condition="!Skin.HasSetting(EnableMonochromeFlags)">
                            <param name="texture" value="flags/star10.png" />
                            <param name="colordiffuse" value="ffeebb00" />
                        </include>
                        <texture colordiffuse="$PARAM[colordiffuse]_100">flags/star10.png</texture>
                        <animation effect="fade" start="100" end="0" condition="!String.StartsWith($PARAM[rating_prop],10)">Conditional</animation>
                    </control>
                </control>
            </control>
        </definition>
    </include>

    <include name="Object_Ratings_Content">
        <param name="directory" default="$VAR[Defs_ColorMode_Dir]" />
        <param name="align" default="left" />
        <param name="rottentomatoes" default="true" />
        <param name="imdbvotes" default="true" />
        <param name="usermeter" default="true" />
        <param name="imdb" default="true" />
        <param name="tmdb" default="true" />
        <param name="tvdb" default="true" />
        <param name="trakt" default="true" />
        <param name="metacritic" default="true" />
        <param name="oscars" default="true" />
        <param name="numericstarrating" default="Skin.HasSetting(NumericStarRating) + !Skin.HasSetting(DisableStarRating)" />
        <param name="top250" default="true" />
        <param name="tmdbtype" default="ListItem" />
        <param name="userrating" default="ListItem.UserRating" />
        <param name="starrating" default="ListItem.Rating" />
        <definition>
            <control type="grouplist">
                <left>0</left>
                <height>32</height>
                <orientation>horizontal</orientation>
                <align>$PARAM[align]</align>
                <itemgap>8</itemgap>
                <usecontrolcoords>true</usecontrolcoords>


                <include content="Object_Control" condition="Skin.HasSetting(EnableMonochromeFlags) + $PARAM[numericstarrating]">
                    <param name="type" value="image" />
                    <top>-17</top>
                    <left>-14</left>
                    <width>64</width>
                    <height>64</height>
                    <texture colordiffuse="$PARAM[colordiffuse]_100">flags/star10.png</texture>
                    <visible>!String.IsEmpty($PARAM[starrating])</visible>
                </include>
                <include content="Object_Control" condition="!Skin.HasSetting(EnableMonochromeFlags) + $PARAM[numericstarrating]">
                    <param name="type" value="image" />
                    <top>-17</top>
                    <left>-14</left>
                    <width>64</width>
                    <height>64</height>
                    <texture colordiffuse="ffeebb00">flags/star10.png</texture>
                    <visible>!String.IsEmpty($PARAM[starrating])</visible>
                </include>
                <include content="Object_Control" condition="$PARAM[numericstarrating]">
                    <param name="type" value="label" />
                    <left>-11</left>
                    <textcolor>$PARAM[colordiffuse]_70</textcolor>
                    <top>2</top>
                    <width>auto</width>
                    <height>28</height>
                    <align>right</align>
                    <font>font_tiny</font>
                    <label>$INFO[$PARAM[starrating],,   ]</label>
                    <visible>!String.IsEmpty($PARAM[starrating])</visible>
                </include>

                <include content="Object_Control" condition="Skin.HasSetting(EnableMonochromeFlags) + $PARAM[numericstarrating]">
                    <param name="type" value="image" />
                    <top>0</top>
                    <width>32</width>
                    <height>32</height>
                    <texture colordiffuse="$PARAM[colordiffuse]_100">flags/user_rating.png</texture>
                    <visible>!String.IsEmpty($PARAM[userrating])</visible>
                </include>
                <include content="Object_Control" condition="!Skin.HasSetting(EnableMonochromeFlags) + $PARAM[numericstarrating]">
                    <param name="type" value="image" />
                    <top>0</top>
                    <width>32</width>
                    <height>32</height>
                    <texture colordiffuse="ff0088bb">flags/user_rating.png</texture>
                    <visible>!String.IsEmpty($PARAM[userrating])</visible>
                </include>
                <include content="Object_Control" condition="$PARAM[numericstarrating]">
                    <param name="type" value="label" />
                    <textcolor>$PARAM[colordiffuse]_70</textcolor>
                    <top>2</top>
                    <left>5</left>
                    <width>auto</width>
                    <height>28</height>
                    <font>font_tiny</font>
                    <label>$INFO[$PARAM[userrating],,.0   ]</label>
                    <visible>!String.IsEmpty($PARAM[userrating])</visible>
                </include>

                <include content="Object_Control" condition="[$PARAM[oscars]] + !Skin.HasSetting(DisableOscarRating)">
                    <param name="type" value="image" />
                    <top>0</top>
                    <width>32</width>
                    <height>32</height>
                    <texture colordiffuse="$PARAM[colordiffuse]_100">flags/$PARAM[directory]/ratings/oscar.png</texture>
                    <visible>!String.IsEmpty(Window(Home).Property(TMDbHelper.$PARAM[tmdbtype].Oscar_Wins))</visible>
                </include>
                <include content="Object_Control" condition="[$PARAM[oscars]] + !Skin.HasSetting(DisableOscarRating)">
                    <param name="type" value="image" />
                    <top>0</top>
                    <width>32</width>
                    <height>32</height>
                    <texture colordiffuse="$PARAM[colordiffuse]_100">flags/$PARAM[directory]/ratings/goldenglobe.png</texture>
                    <visible>String.IsEmpty(Window(Home).Property(TMDbHelper.$PARAM[tmdbtype].Oscar_Wins)) + !String.IsEmpty(Window(Home).Property(TMDbHelper.$PARAM[tmdbtype].GoldenGlobe_Wins))</visible>
                </include>
                <include content="Object_Control" condition="[$PARAM[oscars]] + !Skin.HasSetting(DisableOscarRating)">
                    <param name="type" value="label" />
                    <textcolor>$PARAM[colordiffuse]_70</textcolor>
                    <top>2</top>
                    <width>auto</width>
                    <height>28</height>
                    <align>right</align>
                    <font>font_tiny</font>
                    <label>$VAR[Label_$PARAM[tmdbtype]_TrophyWins, x,   ]</label>
                    <visible>!String.IsEmpty(Window(Home).Property(TMDbHelper.$PARAM[tmdbtype].Oscar_Wins)) | !String.IsEmpty(Window(Home).Property(TMDbHelper.$PARAM[tmdbtype].GoldenGlobe_Wins))</visible>
                </include>
                <include content="Object_Control" condition="[$PARAM[metacritic]] + !Skin.HasSetting(DisableMetacriticRating)">
                    <param name="type" value="image" />
                    <top>0</top>
                    <width>32</width>
                    <height>32</height>
                    <texture colordiffuse="$PARAM[colordiffuse]_100">flags/$PARAM[directory]/ratings/metacritic.png</texture>
                    <visible>!String.IsEmpty(Window(Home).Property(TMDbHelper.$PARAM[tmdbtype].MetaCritic_Rating))</visible>
                </include>
                <include content="Object_Control" condition="[$PARAM[metacritic]] + !Skin.HasSetting(DisableMetacriticRating)">
                    <param name="type" value="label" />
                    <textcolor>$PARAM[colordiffuse]_70</textcolor>
                    <top>2</top>
                    <width>auto</width>
                    <height>28</height>
                    <align>right</align>
                    <font>font_tiny</font>
                    <label>$INFO[Window(Home).Property(TMDbHelper.$PARAM[tmdbtype].MetaCritic_Rating), ,%   ]</label>
                    <visible>!String.IsEmpty(Window(Home).Property(TMDbHelper.$PARAM[tmdbtype].MetaCritic_Rating))</visible>
                </include>
                <include content="Object_Control" condition="[$PARAM[trakt]] + !Skin.HasSetting(DisableTraktRating)">
                    <param name="type" value="image" />
                    <top>0</top>
                    <width>32</width>
                    <height>32</height>
                    <texture colordiffuse="$PARAM[colordiffuse]_100">flags/$PARAM[directory]/ratings/trakt.png</texture>
                    <visible>!String.IsEmpty(Window(Home).Property(TMDbHelper.$PARAM[tmdbtype].Trakt_Rating))</visible>
                </include>
                <include content="Object_Control" condition="[$PARAM[trakt]] + !Skin.HasSetting(DisableTraktRating)">
                    <param name="type" value="label" />
                    <textcolor>$PARAM[colordiffuse]_70</textcolor>
                    <top>2</top>
                    <width>auto</width>
                    <height>28</height>
                    <align>right</align>
                    <font>font_tiny</font>
                    <label>$INFO[Window(Home).Property(TMDbHelper.$PARAM[tmdbtype].Trakt_Rating), ,    ]</label>
                    <visible>!String.IsEmpty(Window(Home).Property(TMDbHelper.$PARAM[tmdbtype].Trakt_Rating))</visible>
                </include>
                <include content="Object_Control" condition="[$PARAM[tmdb]] + !Skin.HasSetting(DisableTMDBRating)">
                    <param name="type" value="image" />
                    <top>0</top>
                    <width>32</width>
                    <height>32</height>
                    <texture colordiffuse="$PARAM[colordiffuse]_100">flags/$PARAM[directory]/ratings/tmdb.png</texture>
                    <visible>!String.IsEmpty(Window(Home).Property(TMDbHelper.$PARAM[tmdbtype].TMDb_Rating))</visible>
                </include>
                <include content="Object_Control" condition="[$PARAM[tmdb]] + !Skin.HasSetting(DisableTMDBRating)">
                    <param name="type" value="label" />
                    <textcolor>$PARAM[colordiffuse]_70</textcolor>
                    <top>2</top>
                    <width>auto</width>
                    <height>28</height>
                    <align>right</align>
                    <font>font_tiny</font>
                    <label>$INFO[Window(Home).Property(TMDbHelper.$PARAM[tmdbtype].TMDb_Rating), ,   ]</label>
                    <visible>!String.IsEmpty(Window(Home).Property(TMDbHelper.$PARAM[tmdbtype].TMDb_Rating))</visible>
                </include>
                <include content="Object_Control" condition="[$PARAM[tvdb]] + !Skin.HasSetting(DisableTVDBRating)">
                    <param name="type" value="image" />
                    <top>0</top>
                    <width>32</width>
                    <height>32</height>
                    <texture colordiffuse="$PARAM[colordiffuse]_100">flags/$PARAM[directory]/ratings/tvdb.png</texture>
                    <visible>!String.IsEmpty(Window(Home).Property(TMDbHelper.$PARAM[tmdbtype].Rating.TVDB))</visible>
                </include>
                <include content="Object_Control" condition="[$PARAM[tvdb]] + !Skin.HasSetting(DisableTVDBRating)">
                    <param name="type" value="label" />
                    <textcolor>$PARAM[colordiffuse]_70</textcolor>
                    <top>2</top>
                    <width>auto</width>
                    <height>28</height>
                    <align>right</align>
                    <font>font_tiny</font>
                    <label>$INFO[Window(Home).Property(TMDbHelper.$PARAM[tmdbtype].Rating.TVDB), ,   ]</label>
                    <visible>!String.IsEmpty(Window(Home).Property(TMDbHelper.$PARAM[tmdbtype].Rating.TVDB))</visible>
                </include>
                <include content="Object_Control" condition="[$PARAM[usermeter]] + !Skin.HasSetting(DisableRottenTomatoesUserRating)">
                    <param name="type" value="image" />
                    <top>0</top>
                    <width>32</width>
                    <height>32</height>
                    <texture colordiffuse="$PARAM[colordiffuse]_100">flags/$PARAM[directory]/ratings/$VAR[Image_$PARAM[tmdbtype]_RottenTomatoes_UserMeter]</texture>
                    <visible>!String.IsEmpty(Window(Home).Property(TMDbHelper.$PARAM[tmdbtype].RottenTomatoes_UserMeter))</visible>
                    </include>
                <include content="Object_Control" condition="[$PARAM[usermeter]] + !Skin.HasSetting(DisableRottenTomatoesUserRating)">
                    <param name="type" value="label" />
                    <textcolor>$PARAM[colordiffuse]_70</textcolor>
                    <top>2</top>
                    <width>auto</width>
                    <height>28</height>
                    <align>right</align>
                    <font>font_tiny</font>
                    <label>$INFO[Window(Home).Property(TMDbHelper.$PARAM[tmdbtype].RottenTomatoes_UserMeter), ,%   ]</label>
                    <visible>!String.IsEmpty(Window(Home).Property(TMDbHelper.$PARAM[tmdbtype].RottenTomatoes_UserMeter))</visible>
                </include>
                <include content="Object_Control" condition="[$PARAM[rottentomatoes]] + !Skin.HasSetting(DisableRottenTomatoesCriticRating)">
                    <param name="type" value="image" />
                    <width>32</width>
                    <height>32</height>
                    <texture colordiffuse="$PARAM[colordiffuse]_100">flags/$PARAM[directory]/ratings/$VAR[Image_$PARAM[tmdbtype]_RottenTomatoes]</texture>
                    <visible>!String.IsEmpty(Window(Home).Property(TMDbHelper.$PARAM[tmdbtype].RottenTomatoes_Rating))</visible>
                </include>
                <include content="Object_Control" condition="[$PARAM[rottentomatoes]] + !Skin.HasSetting(DisableRottenTomatoesCriticRating)">
                    <param name="type" value="label" />
                    <textcolor>$PARAM[colordiffuse]_70</textcolor>
                    <top>2</top>
                    <width>auto</width>
                    <height>28</height>
                    <align>right</align>
                    <font>font_tiny</font>
                    <label>$INFO[Window(Home).Property(TMDbHelper.$PARAM[tmdbtype].RottenTomatoes_Rating), ,%   ]</label>
                    <visible>!String.IsEmpty(Window(Home).Property(TMDbHelper.$PARAM[tmdbtype].RottenTomatoes_Rating))</visible>
                </include>
                <include content="Object_Control" condition="[$PARAM[imdb]] + !Skin.HasSetting(DisableIMDBRating)">
                    <param name="type" value="image" />
                    <top>1</top>
                    <width>52</width>
                    <height>32</height>
                    <texture colordiffuse="$PARAM[colordiffuse]_100">flags/$PARAM[directory]/ratings/imdb.png</texture>
                    <visible>!String.IsEmpty(Window(home).Property(TMDbHelper.$PARAM[tmdbtype].IMDb_Rating))</visible>
                </include>
                <include content="Object_Control" condition="[$PARAM[imdb]] + [$PARAM[imdbvotes]] + !Skin.HasSetting(DisableIMDBRating)">
                    <param name="type" value="label" />
                    <textcolor>$PARAM[colordiffuse]_70</textcolor>
                    <top>2</top>
                    <width>auto</width>
                    <height>28</height>
                    <align>right</align>
                    <font>font_tiny</font>
                    <label>$INFO[Window(home).Property(TMDbHelper.$PARAM[tmdbtype].IMDb_Rating), ,]$INFO[Window(home).Property(TMDbHelper.$PARAM[tmdbtype].IMDb_Votes), (, $LOCALIZE[205])]</label>
                    <visible>!String.IsEmpty(Window(home).Property(TMDbHelper.$PARAM[tmdbtype].IMDb_Rating))</visible>
                </include>
                <include content="Object_Control" condition="[$PARAM[imdb]] + ![$PARAM[imdbvotes]] + !Skin.HasSetting(DisableIMDBRating)">
                    <param name="type" value="label" />
                    <textcolor>$PARAM[colordiffuse]_70</textcolor>
                    <top>2</top>
                    <width>auto</width>
                    <height>28</height>
                    <align>right</align>
                    <font>font_tiny</font>
                    <label>$INFO[Window(home).Property(TMDbHelper.$PARAM[tmdbtype].IMDb_Rating), ,]</label>
                    <visible>!String.IsEmpty(Window(home).Property(TMDbHelper.$PARAM[tmdbtype].IMDb_Rating))</visible>
                </include>
                <include content="Object_Control" condition="[$PARAM[imdb]] + [$PARAM[top250]] + !Skin.HasSetting(DisableIMDBRating) + !Skin.HasSetting(DisableIMDBRatingTop250)">
                    <param name="type" value="label" />
                    <textcolor>$PARAM[colordiffuse]_70</textcolor>
                    <top>2</top>
                    <width>auto</width>
                    <height>28</height>
                    <align>right</align>
                    <font>font_tiny</font>
                    <label>$INFO[Window(Home).Property(TMDbHelper.$PARAM[tmdbtype].Top250), #,]</label>
                    <visible>Integer.IsGreater(Window(home).Property(TMDbHelper.$PARAM[tmdbtype].Top250),0)</visible>
                </include>
            </control>
        </definition>
    </include>

    <include name="Object_Scrollbars">

        <include content="Object_Scrollbar_Horz">
            <param name="visible" value="Control.IsVisible(51) | Control.IsVisible(52) | Control.IsVisible(53) | Control.IsVisible(54) | Control.IsVisible(50) | Control.IsVisible(56) | Control.IsVisible(501) | Control.IsVisible(502) | Control.IsVisible(504)" />
        </include>

        <include content="Object_Scrollbar_Vert">
            <param name="visible" value="Control.IsVisible(57)" />
        </include>

        <control type="scrollbar" id="64">
            <onback>50</onback>
            <height>560</height>
            <top>440</top>
            <width>8</width>
            <centerleft>item_list_height_half</centerleft>
            <onright>50</onright>
            <onleft>SetFocus(9000)</onleft>
            <centerbottom>40</centerbottom>
            <showonepage>false</showonepage>
            <orientation>vertical</orientation>
            <visible>Control.IsVisible(55) | Control.IsVisible(500)</visible>
            <texturesliderbackground colordiffuse="main_fg_12" border="4">scrollbar/scrollv.png</texturesliderbackground>
            <texturesliderbar colordiffuse="main_fg_30" border="4">scrollbar/scrollv.png</texturesliderbar>
            <texturesliderbarfocus colordiffuse="main_fg_100" border="4">scrollbar/scrollv.png</texturesliderbarfocus>
            <animation effect="fade" start="100" end="0" time="400" condition="!Control.HasFocus(64)">Conditional</animation>
            <include>Animation_FadeIn</include>
            <include>Animation_FadeOut</include>
        </control>
    </include>

    <include name="Object_AlphabetLetter_NF">
        <control type="label">
            <width>64</width>
            <height>52</height>
            <label>$PARAM[label]</label>
            <align>center</align>
            <aligny>center</aligny>
            <textcolor>main_fg_30</textcolor>
            <font>font_tiny</font>
            <visible>$PARAM[visible]</visible>
        </control>
    </include>
    <include name="Object_AlphabetLetter_FO">
        <control type="label">
            <width>64</width>
            <height>52</height>
            <label>[B]$PARAM[label][/B]</label>
            <align>center</align>
            <aligny>center</aligny>
            <textcolor>main_fg_100</textcolor>
            <font>font_title_small</font>
            <visible>$PARAM[visible]</visible>
        </control>
    </include>

    <include name="Object_AlphabetLetter">
        <include content="Object_AlphabetLetter_NF">
            <param name="label" value="$PARAM[label]" />
            <param name="visible" value="!String.IsEqual(ListItem.SortLetter,$PARAM[label])" />
        </include>
        <include content="Object_AlphabetLetter_FO">
            <param name="label" value="$PARAM[label]" />
            <param name="visible" value="String.IsEqual(ListItem.SortLetter,$PARAM[label])" />
        </include>
    </include>

    <include name="Object_AlphabetNumber">
        <include content="Object_AlphabetLetter_NF">
            <param name="label" value="#" />
            <param name="visible" value="$EXP[Exp_SortLetterIsAlphabet]" />
        </include>
        <include content="Object_AlphabetLetter_FO">
            <param name="label" value="#" />
            <param name="visible" value="!$EXP[Exp_SortLetterIsAlphabet]" />
        </include>
    </include>

    <include name="Object_Scrollbar_Horz">
        <control type="scrollbar" id="60">
            <onback>50</onback>
            <height>8</height>
            <left>view_pad</left>
            <right>view_pad</right>
            <width>1760</width>
            <centerbottom>40</centerbottom>
            <showonepage>false</showonepage>
            <orientation>horizontal</orientation>
            <onup condition="![Control.IsVisible(530) | Control.IsVisible(5610)]">50</onup>
            <onup condition="Control.IsVisible(530)">530</onup>
            <onup condition="Control.IsVisible(5610)">5610</onup>
            <ondown condition="Container.CanFilterAdvanced">SetProperty(advancedfilter,1,home)</ondown>
            <ondown condition="Container.CanFilterAdvanced">SetFocus(50)</ondown>
            <ondown condition="Container.CanFilterAdvanced">Filter</ondown>
            <visible>$PARAM[visible]</visible>
            <texturesliderbackground colordiffuse="main_fg_12" border="4">scrollbar/scrollv.png</texturesliderbackground>
            <texturesliderbar colordiffuse="main_fg_30" border="4">scrollbar/scrollv.png</texturesliderbar>
            <texturesliderbarfocus colordiffuse="main_fg_100" border="4">scrollbar/scrollv.png</texturesliderbarfocus>
            <animation effect="fade" start="100" end="0" time="400" condition="!Control.HasFocus(60)">Conditional</animation>
            <visible>!$EXP[Exp_AlphabetTypes] | Control.IsVisible(53) | Control.IsVisible(5610)</visible>
            <include>Animation_FadeIn</include>
            <include>Animation_FadeOut</include>
        </control>

        <control type="button" id="60">
            <visible>$PARAM[visible]</visible>
            <visible>$EXP[Exp_AlphabetTypes] + ![Control.IsVisible(53)]</visible>
            <font />
            <texturefocus />
            <texturenofocus />
            <height>40</height>
            <left>view_pad</left>
            <right>view_pad</right>
            <width>1760</width>
            <centerbottom>30</centerbottom>
            <onup>50</onup>
            <onback>50</onback>
            <onright>SetFocus(50)</onright>
            <onright>Action(nextletter)</onright>
            <onright condition="!Container.HasNext | String.IsEqual(ListItem.SortLetter,Z)">Action(jumpsms2)</onright>
            <onright condition="!Container.HasNext | String.IsEqual(ListItem.SortLetter,Z)">Action(prevletter)</onright>
            <onright condition="!Container.HasNext | String.IsEqual(ListItem.SortLetter,Z)">Action(prevletter)</onright>
            <onright condition="!Container.HasNext | String.IsEqual(ListItem.SortLetter,Z)">Action(prevletter)</onright>
            <onright>SetFocus(60)</onright>
            <onleft>SetFocus(50)</onleft>
            <onleft>Action(prevletter)</onleft>
            <onleft condition="!Container.HasPrevious | !$EXP[Exp_SortLetterIsAlphabet]">Action(jumpsms9)</onleft>
            <onleft condition="!Container.HasPrevious | !$EXP[Exp_SortLetterIsAlphabet]">Action(nextletter)</onleft>
            <onleft condition="!Container.HasPrevious | !$EXP[Exp_SortLetterIsAlphabet]">Action(nextletter)</onleft>
            <onleft condition="!Container.HasPrevious | !$EXP[Exp_SortLetterIsAlphabet]">Action(nextletter)</onleft>
            <onleft>SetFocus(60)</onleft>
            <ondown condition="Container.CanFilterAdvanced">SetProperty(advancedfilter,1,home)</ondown>
            <ondown condition="Container.CanFilterAdvanced">SetFocus(50)</ondown>
            <ondown condition="Container.CanFilterAdvanced">Filter</ondown>
        </control>

        <control type="grouplist">
            <visible>$PARAM[visible]</visible>
            <centerbottom>40</centerbottom>
            <height>52</height>
            <itemgap>3</itemgap>
            <align>center</align>
            <left>60</left>
            <right>60</right>
            <orientation>horizontal</orientation>
            <animation effect="fade" start="100" end="0" time="400" condition="!Control.HasFocus(60)">Conditional</animation>
            <include>Animation_FadeIn</include>
            <include>Animation_FadeOut</include>
            <include>Object_AlphabetNumber</include>
            <include content="Object_AlphabetLetter"><param name="label" value="A" /></include>
            <include content="Object_AlphabetLetter"><param name="label" value="B" /></include>
            <include content="Object_AlphabetLetter"><param name="label" value="C" /></include>
            <include content="Object_AlphabetLetter"><param name="label" value="D" /></include>
            <include content="Object_AlphabetLetter"><param name="label" value="E" /></include>
            <include content="Object_AlphabetLetter"><param name="label" value="F" /></include>
            <include content="Object_AlphabetLetter"><param name="label" value="G" /></include>
            <include content="Object_AlphabetLetter"><param name="label" value="H" /></include>
            <include content="Object_AlphabetLetter"><param name="label" value="I" /></include>
            <include content="Object_AlphabetLetter"><param name="label" value="J" /></include>
            <include content="Object_AlphabetLetter"><param name="label" value="K" /></include>
            <include content="Object_AlphabetLetter"><param name="label" value="L" /></include>
            <include content="Object_AlphabetLetter"><param name="label" value="M" /></include>
            <include content="Object_AlphabetLetter"><param name="label" value="N" /></include>
            <include content="Object_AlphabetLetter"><param name="label" value="O" /></include>
            <include content="Object_AlphabetLetter"><param name="label" value="P" /></include>
            <include content="Object_AlphabetLetter"><param name="label" value="Q" /></include>
            <include content="Object_AlphabetLetter"><param name="label" value="R" /></include>
            <include content="Object_AlphabetLetter"><param name="label" value="S" /></include>
            <include content="Object_AlphabetLetter"><param name="label" value="T" /></include>
            <include content="Object_AlphabetLetter"><param name="label" value="U" /></include>
            <include content="Object_AlphabetLetter"><param name="label" value="V" /></include>
            <include content="Object_AlphabetLetter"><param name="label" value="W" /></include>
            <include content="Object_AlphabetLetter"><param name="label" value="X" /></include>
            <include content="Object_AlphabetLetter"><param name="label" value="Y" /></include>
            <include content="Object_AlphabetLetter"><param name="label" value="Z" /></include>
            <visible>$EXP[Exp_AlphabetTypes] + ![Control.IsVisible(53)]</visible>
        </control>
    </include>

    <include name="Object_Scrollbar_Vert">
        <control type="scrollbar" id="60">
            <onback>50</onback>
            <centerright>25</centerright>
            <width>8</width>
            <top>view_top</top>
            <bottom>view_bottom</bottom>
            <visible>$PARAM[visible]</visible>
            <showonepage>true</showonepage>
            <orientation>vertical</orientation>
            <onleft>50</onleft>
            <texturesliderbackground colordiffuse="main_fg_12" border="4">common/white.png</texturesliderbackground>
            <texturesliderbar colordiffuse="main_fg_30" border="4">scrollbar/scrollv.png</texturesliderbar>
            <texturesliderbarfocus colordiffuse="main_fg_100" border="4">scrollbar/scrollv.png</texturesliderbarfocus>
            <animation effect="fade" start="100" end="0" time="400" condition="!Control.HasFocus(60) + !Container.Scrolling">Conditional</animation>
            <visible>![String.IsEqual(Container.SortMethod,$LOCALIZE[551]) | String.IsEqual(Container.SortMethod,$LOCALIZE[556]) | String.IsEqual(Container.SortMethod,$LOCALIZE[561]) | String.IsEqual(Container.SortMethod,$LOCALIZE[558]) | String.IsEqual(Container.SortMethod,$LOCALIZE[557])]</visible>
            <include>Animation_FadeIn</include>
            <include>Animation_FadeOut</include>
        </control>

        <control type="button" id="60">
            <visible>$PARAM[visible]</visible>
            <visible>[String.IsEqual(Container.SortMethod,$LOCALIZE[551]) | String.IsEqual(Container.SortMethod,$LOCALIZE[556]) | String.IsEqual(Container.SortMethod,$LOCALIZE[561]) | String.IsEqual(Container.SortMethod,$LOCALIZE[558]) | String.IsEqual(Container.SortMethod,$LOCALIZE[557])]</visible>
            <font />
            <texturefocus />
            <texturenofocus />
            <centerright>25</centerright>
            <width>40</width>
            <top>view_top</top>
            <bottom>view_bottom</bottom>
            <onleft>50</onleft>
            <ondown>SetFocus(50)</ondown>
            <ondown>Action(nextletter)</ondown>
            <ondown condition="!Container.HasNext | String.IsEqual(ListItem.SortLetter,Z)">Action(jumpsms2)</ondown>
            <ondown condition="!Container.HasNext | String.IsEqual(ListItem.SortLetter,Z)">Action(prevletter)</ondown>
            <ondown condition="!Container.HasNext | String.IsEqual(ListItem.SortLetter,Z)">Action(prevletter)</ondown>
            <ondown condition="!Container.HasNext | String.IsEqual(ListItem.SortLetter,Z)">Action(prevletter)</ondown>
            <ondown>SetFocus(60)</ondown>
            <onup>SetFocus(50)</onup>
            <onup>Action(prevletter)</onup>
            <onup condition="!Container.HasPrevious | $EXP[Exp_SortLetterIsNumber]">Action(jumpsms9)</onup>
            <onup condition="!Container.HasPrevious | $EXP[Exp_SortLetterIsNumber]">Action(nextletter)</onup>
            <onup condition="!Container.HasPrevious | $EXP[Exp_SortLetterIsNumber]">Action(nextletter)</onup>
            <onup condition="!Container.HasPrevious | $EXP[Exp_SortLetterIsNumber]">Action(nextletter)</onup>
            <onup>SetFocus(60)</onup>
        </control>

        <control type="grouplist">
            <visible>$PARAM[visible]</visible>
            <top>view_top</top>
            <bottom>view_bottom</bottom>
            <centerright>25</centerright>
            <width>64</width>
            <height>view_list_height</height>
            <itemgap>0</itemgap>
            <orientation>vertical</orientation>
            <animation effect="fade" start="100" end="0" time="400" condition="!Control.HasFocus(60) + !Container.Scrolling">Conditional</animation>
            <include>Animation_FadeIn</include>
            <include>Animation_FadeOut</include>
            <include>Object_AlphabetNumber</include>
            <include content="Object_AlphabetLetter"><param name="label" value="A" /></include>
            <include content="Object_AlphabetLetter"><param name="label" value="B" /></include>
            <include content="Object_AlphabetLetter"><param name="label" value="C" /></include>
            <include content="Object_AlphabetLetter"><param name="label" value="D" /></include>
            <include content="Object_AlphabetLetter"><param name="label" value="E" /></include>
            <include content="Object_AlphabetLetter"><param name="label" value="F" /></include>
            <include content="Object_AlphabetLetter"><param name="label" value="G" /></include>
            <include content="Object_AlphabetLetter"><param name="label" value="H" /></include>
            <include content="Object_AlphabetLetter"><param name="label" value="I" /></include>
            <include content="Object_AlphabetLetter"><param name="label" value="J" /></include>
            <include content="Object_AlphabetLetter"><param name="label" value="K" /></include>
            <include content="Object_AlphabetLetter"><param name="label" value="L" /></include>
            <include content="Object_AlphabetLetter"><param name="label" value="M" /></include>
            <include content="Object_AlphabetLetter"><param name="label" value="N" /></include>
            <animation effect="fade" start="100" end="0" condition="[String.IsEqual(ListItem.SortLetter,N) | String.IsEqual(ListItem.SortLetter,O) | String.IsEqual(ListItem.SortLetter,P) | String.IsEqual(ListItem.SortLetter,Q) | String.IsEqual(ListItem.SortLetter,R) | String.IsEqual(ListItem.SortLetter,S) | String.IsEqual(ListItem.SortLetter,T) | String.IsEqual(ListItem.SortLetter,U) | String.IsEqual(ListItem.SortLetter,V) | String.IsEqual(ListItem.SortLetter,W) | String.IsEqual(ListItem.SortLetter,X) | String.IsEqual(ListItem.SortLetter,Y) | String.IsEqual(ListItem.SortLetter,Z)]">Conditional</animation>
            <visible>[String.IsEqual(Container.SortMethod,$LOCALIZE[551]) | String.IsEqual(Container.SortMethod,$LOCALIZE[556]) | String.IsEqual(Container.SortMethod,$LOCALIZE[561]) | String.IsEqual(Container.SortMethod,$LOCALIZE[558]) | String.IsEqual(Container.SortMethod,$LOCALIZE[557])]</visible>
        </control>

        <control type="grouplist">
            <visible>$PARAM[visible]</visible>
            <top>view_top</top>
            <bottom>view_bottom</bottom>
            <centerright>25</centerright>
            <width>64</width>
            <height>view_list_height</height>
            <itemgap>0</itemgap>
            <orientation>vertical</orientation>
            <animation effect="fade" start="100" end="0" time="400" condition="!Control.HasFocus(60) + !Container.Scrolling">Conditional</animation>
            <include>Animation_FadeIn</include>
            <include>Animation_FadeOut</include>
            <include content="Object_AlphabetLetter"><param name="label" value="L" /></include>
            <include content="Object_AlphabetLetter"><param name="label" value="M" /></include>
            <include content="Object_AlphabetLetter"><param name="label" value="N" /></include>
            <include content="Object_AlphabetLetter"><param name="label" value="O" /></include>
            <include content="Object_AlphabetLetter"><param name="label" value="P" /></include>
            <include content="Object_AlphabetLetter"><param name="label" value="Q" /></include>
            <include content="Object_AlphabetLetter"><param name="label" value="R" /></include>
            <include content="Object_AlphabetLetter"><param name="label" value="S" /></include>
            <include content="Object_AlphabetLetter"><param name="label" value="T" /></include>
            <include content="Object_AlphabetLetter"><param name="label" value="U" /></include>
            <include content="Object_AlphabetLetter"><param name="label" value="V" /></include>
            <include content="Object_AlphabetLetter"><param name="label" value="W" /></include>
            <include content="Object_AlphabetLetter"><param name="label" value="X" /></include>
            <include content="Object_AlphabetLetter"><param name="label" value="Y" /></include>
            <include content="Object_AlphabetLetter"><param name="label" value="Z" /></include>
            <animation effect="fade" start="100" end="0" condition="![String.IsEqual(ListItem.SortLetter,N) | String.IsEqual(ListItem.SortLetter,O) | String.IsEqual(ListItem.SortLetter,P) | String.IsEqual(ListItem.SortLetter,Q) | String.IsEqual(ListItem.SortLetter,R) | String.IsEqual(ListItem.SortLetter,S) | String.IsEqual(ListItem.SortLetter,T) | String.IsEqual(ListItem.SortLetter,U) | String.IsEqual(ListItem.SortLetter,V) | String.IsEqual(ListItem.SortLetter,W) | String.IsEqual(ListItem.SortLetter,X) | String.IsEqual(ListItem.SortLetter,Y) | String.IsEqual(ListItem.SortLetter,Z)]">Conditional</animation>
            <visible>[String.IsEqual(Container.SortMethod,$LOCALIZE[551]) | String.IsEqual(Container.SortMethod,$LOCALIZE[556]) | String.IsEqual(Container.SortMethod,$LOCALIZE[561]) | String.IsEqual(Container.SortMethod,$LOCALIZE[558]) | String.IsEqual(Container.SortMethod,$LOCALIZE[557])]</visible>
        </control>
    </include>

    <include name="Object_DoubleArrow_Up">
        <param name="colordiffuse" default="main_fg_100" />
        <definition>
            <control type="image">
                <width>16</width>
                <height>16</height>
                <texture colordiffuse="$PARAM[colordiffuse]" flipy="true">common/arrow-small.png</texture>
                <centerleft>50%</centerleft>
                <top>10</top>
            </control>
            <control type="image">
                <width>16</width>
                <height>16</height>
                <texture colordiffuse="$PARAM[colordiffuse]" flipy="true">common/arrow-small.png</texture>
                <centerleft>50%</centerleft>
                <top>0</top>
            </control>
        </definition>
    </include>

    <include name="Object_DoubleArrow_Down">
        <param name="colordiffuse" default="main_fg_100" />
        <definition>
            <control type="image">
                <width>16</width>
                <height>16</height>
                <texture colordiffuse="$PARAM[colordiffuse]" flipy="false">common/arrow-small.png</texture>
                <centerleft>50%</centerleft>
                <bottom>0</bottom>
            </control>
            <control type="image">
                <width>16</width>
                <height>16</height>
                <texture colordiffuse="$PARAM[colordiffuse]" flipy="false">common/arrow-small.png</texture>
                <centerleft>50%</centerleft>
                <bottom>10</bottom>
            </control>
        </definition>
    </include>
</includes>
