<?xml version="1.0" encoding="UTF-8"?>
    <addon id="repository.magic" name="Magic Repository" version="1.0.1" provider-name="Magic">
        <requires>
            <import addon="xbmc.addon" version="12.0.0"/>
        </requires>
        <extension point="xbmc.addon.repository" name="Magic Repository">
            <info compressed="false">https://raw.githubusercontent.com/mkwilliams14/repository.magic/master/_repo/addons.xml</info>
            <checksum>https://raw.githubusercontent.com/mkwilliams14/repository.magic/master/_repo/addons.xml.md5</checksum>
            <datadir zip="true">https://raw.githubusercontent.com/mkwilliams14/repository.magic/master/_repo/</datadir>
            <hashes>false</hashes>
        </extension>
        <extension point="xbmc.addon.metadata">
            <summary>Magic Repository</summary>
        <description>My Local repository</description>
        <disclaimer></disclaimer>
        <platform>all</platform>
        <assets>
            <icon>icon.png</icon>
            <fanart>fanart.jpg</fanart>
        </assets>
    </extension>
</addon>