<addon id="skin.magic" name="Magic Skin" provider-name="magic" version="1.0.1">
    <requires>
        <import addon="xbmc.gui" version="5.15.0" />
        <import addon="script.skinshortcuts" version="0.4.0" />
        <import addon="script.skinvariables" version="0.2.3" />
        <import addon="script.image.resource.select" version="0.0.5" />
        <import addon="plugin.video.themoviedb.helper" version="4.2.3" />
        <import addon="plugin.program.autocompletion" version="1.0.1" />
        <import addon="resource.images.studios.white" version="0.0.10" />
        <import addon="resource.images.studios.coloured" version="0.0.19" />
        <import addon="resource.images.weathericons.white" version="0.0.1" />
        <import addon="resource.images.moviegenreicons.transparent" version="0.0.6" />
        <import addon="resource.images.moviecountryicons.maps" version="0.0.1" />
        <import addon="resource.images.arctic.waves" version="0.0.1" optional="true" />
    </requires>
    <extension debugging="false" defaultthemename="Textures.xbt" effectslowdown="1" point="xbmc.gui.skin">
        <res aspect="16:9" default="true" folder="1080i" height="1080" width="1920" />
    </extension>
    <extension point="xbmc.addon.metadata">
        <summary lang="en">Minimal. Simple.</summary>
        <description lang="en">Magic Skin is a minimalistic skin with an emphasis on simplicity.</description>
        <platform>all</platform>
        <license>Creative Commons Attribution Non-Commercial Share-Alike 4.0</license>
        <forum />
        <source>https://github.com/mkwilliams14/skin.arctic.magic</source>
        <assets>
            <icon>icon.png</icon>
            <fanart>fanart.jpg</fanart>
            <screenshot>resources/screenshot-01.jpg</screenshot>
            <screenshot>resources/screenshot-02.jpg</screenshot>
            <screenshot>resources/screenshot-03.jpg</screenshot>
            <screenshot>resources/screenshot-04.jpg</screenshot>
            <screenshot>resources/screenshot-05.jpg</screenshot>
            <screenshot>resources/screenshot-06.jpg</screenshot>
            <screenshot>resources/screenshot-07.jpg</screenshot>
        </assets>
    </extension>
</addon>
