<?xml version="1.0" encoding="UTF-8"?>
<includes>
    <!-- ====== -->
    <!-- Common -->
    <!-- ====== -->

    <include name="Topbar">
        <param name="visible" default="true" />
        <param name="info_hide" default="true" />
        <param name="fgcolor" default="main_fg" />
        <definition>
            <control type="group">
                <top>20</top>
                <include condition="$PARAM[info_hide]">Defs_InfoDialog_Visible</include>
                <control type="group">
                    <height>120</height>
                    <visible allowhiddenfocus="true">!$EXP[Exp_ShowPlotOverlay]</visible>
                    <include>Animation_FadeInOut</include>
                    <include content="Topbar_Left">
                        <param name="fgcolor" value="$PARAM[fgcolor]" />
                        <param name="height" value="45" />
                    </include>
                    <include content="Topbar_Center">
                        <param name="visible" value="!Window.IsVisible(Home)" />
                        <param name="fgcolor" value="$PARAM[fgcolor]" />
                    </include>
                    <include content="Topbar_Right">
                        <param name="fgcolor" value="$PARAM[fgcolor]" />
                        <param name="height" value="45" />
                    </include>
                </control>
            </control>
        </definition>
    </include>

    <include name="Topbar_Left">
        <control type="grouplist">
            <visible>!Skin.HasSetting(DisableHeader)</visible>
            <visible>!Window.IsVisible(DialogBusy.xml)</visible>
            <left>20</left>
            <top>0</top>
            <include>Animation_FadeInOut</include>
            <itemgap>0</itemgap>
            <align>left</align>
            <height>auto</height>
            <orientation>vertical</orientation>
            <usecontrolcoords>true</usecontrolcoords>
            <control type="label">
                <aligny>top</aligny>
                <width max="1140">auto</width>
                <height>$PARAM[height]</height>
                <font>font_topbar</font>
                <textcolor>$PARAM[fgcolor]_100</textcolor>
                <label>$VAR[Label_Header_Content]</label>
                <visible>!Control.HasFocus(300) | Window.IsVisible(SettingsCategory.xml) | Window.IsVisible(SettingsProfile.xml) | Window.IsVisible(SkinSettings.xml) | Window.IsVisible(eventlog) | Window.IsVisible(SettingsSystemInfo.xml)</visible>
            </control>
            <control type="label">
                <aligny>top</aligny>
                <width max="1140">auto</width>
                <height>$PARAM[height]</height>
                <font>font_topbar</font>
                <textcolor>$PARAM[fgcolor]_100</textcolor>
                <label>$INFO[Container(300).ListItem.Label]</label>
                <visible>Control.HasFocus(300) + ![Window.IsVisible(SettingsCategory.xml) | Window.IsVisible(SettingsProfile.xml) | Window.IsVisible(SkinSettings.xml) | Window.IsVisible(eventlog) | Window.IsVisible(SettingsSystemInfo.xml)]</visible>
            </control>
            <control type="label">
                <height>$PARAM[height]</height>
                <aligny>top</aligny>
                <width>1200</width>
                <font>font_small</font>
                <textcolor>$VAR[ColorHighlight]</textcolor>
                <label>$VAR[Label_SubHeader_Content]</label>
            </control>
        </control>
    </include>

    <include name="Topbar_Center">
        <control type="label">
            <visible>$PARAM[visible]</visible>
            <visible>!Skin.HasSetting(DisableCenter)</visible>
            <top>-60</top>
            <aligny>center</aligny>
            <align>center</align>
            <font>font_topbar</font>
            <width>1200</width>
            <centerleft>50%</centerleft>
            <textcolor>$PARAM[fgcolor]_100</textcolor>
            <label>$INFO[ListItem.Title]</label>
            <include>Animation_FadeInOut</include>
            <visible>!Control.HasFocus(300) | Window.IsVisible(SettingsCategory.xml) | Window.IsVisible(SettingsProfile.xml) | Window.IsVisible(SkinSettings.xml) | Window.IsVisible(eventlog) | Window.IsVisible(SettingsSystemInfo.xml)</visible>
            <visible>!Skin.HasSetting(EnableClearlogo)</visible>
        </control>
        <control type="label">
            <visible>$PARAM[visible]</visible>
            <visible>!Skin.HasSetting(DisableCenter)</visible>
            <top>-60</top>
            <aligny>center</aligny>
            <align>center</align>
            <font>font_topbar</font>
            <width>1200</width>
            <centerleft>50%</centerleft>
            <textcolor>$PARAM[fgcolor]_100</textcolor>
            <label>$INFO[ListItem.Title]</label>
            <visible>!Control.HasFocus(300) | Window.IsVisible(SettingsCategory.xml) | Window.IsVisible(SettingsProfile.xml) | Window.IsVisible(SkinSettings.xml) | Window.IsVisible(eventlog) | Window.IsVisible(SettingsSystemInfo.xml)</visible>
            <visible>[Skin.HasSetting(EnableClearlogo) + String.IsEmpty(ListItem.Art(clearlogo)) + String.IsEmpty(ListItem.Art(tvshow.clearlogo))]</visible>
        </control>
        <control type="image">
            <visible>$PARAM[visible]</visible>
            <visible>Skin.HasSetting(EnableClearlogo)</visible>
            <top>-5</top>
            <texture background="true">$VAR[Image_TopBar_ClearLogo]</texture>
            <aspectratio align="center" aligny="center">keep</aspectratio>
            <width>350</width>
            <height>50%</height>
            <centertop>50%</centertop>
            <centerleft>50%</centerleft>
            <visible>!Control.HasFocus(300) | Window.IsVisible(SettingsCategory.xml) | Window.IsVisible(SettingsProfile.xml) | Window.IsVisible(SkinSettings.xml) | Window.IsVisible(eventlog) | Window.IsVisible(SettingsSystemInfo.xml)</visible>
        </control>
    </include>
    <include name="Topbar_Right">
        <control type="grouplist">
            <visible>!Skin.HasSetting(DisableClock)</visible>
            <visible>!Window.IsVisible(DialogNotification.xml)</visible>
            <visible>!Window.IsVisible(DialogExtendedProgressBar.xml)</visible>
            <visible>!Window.IsVisible(DialogVolumeBar.xml) | Player.Muted</visible>
            <visible>!Player.HasMedia | Window.IsVisible(fullscreenvideo)</visible>
            <animation effect="slide" start="0" end="-80" time="200" tween="sine" condition="Window.IsVisible(DialogVolumeBar.xml) + ![Window.IsVisible(Home) + !Skin.HasSetting(HomeMulti)]">Conditional</animation>
            <right>20</right>
            <align>right</align>
            <top>0</top>
            <itemgap>0</itemgap>
            <height>auto</height>
            <orientation>vertical</orientation>
            <usecontrolcoords>true</usecontrolcoords>
            <control type="grouplist">
                <align>right</align>
                <orientation>horizontal</orientation>
                <itemgap>0</itemgap>
                <height>45</height>
                <aligny>top</aligny>
                <usecontrolcoords>true</usecontrolcoords>
                <control type="group">
                    <width>64</width>
                    <control type="image">
                        <aligny>center</aligny>
                        <height>64</height>
                        <aspectratio>keep</aspectratio>
                        <texture colordiffuse="$PARAM[fgcolor]_100">$INFO[Weather.FanartCode,resource://resource.images.weathericons.white/,.png]</texture>
                    </control>
                    <visible>Weather.IsFetched</visible>
                </control>
                <control type="label">
                    <width>auto</width>
                    <height>$PARAM[height]</height>
                    <aligny>top</aligny>
                    <font>font_topbar</font>
                    <textcolor>$PARAM[fgcolor]_100</textcolor>
                    <label>$INFO[Weather.Temperature]</label>
                    <visible>Weather.IsFetched</visible>
                </control>
                <control type="label">
                    <width>auto</width>
                    <height>$PARAM[height]</height>
                    <aligny>top</aligny>
                    <font>font_topbar</font>
                    <textcolor>$VAR[ColorHighlight]</textcolor>
                    <label>  |  </label>
                    <visible>[!String.IsEmpty(Weather.Temperature) + Weather.IsFetched]</visible>
                </control>
                <control type="label">
                    <width>auto</width>
                    <height>$PARAM[height]</height>
                    <aligny>top</aligny>
                    <font>font_topbar</font>
                    <textcolor>$PARAM[fgcolor]_100</textcolor>
                    <label>$INFO[System.Time]</label>
                </control>
            </control>
            <control type="label">
                <width>auto</width>
                <height>$PARAM[height]</height>
                <aligny>top</aligny>
                <align>right</align>
                <font>font_small</font>
                <textcolor>$PARAM[fgcolor]_100</textcolor>
                <label>$INFO[System.Date]</label>
                <visible>Weather.IsFetched</visible>
            </control>
        </control>
    </include>

    <variable name="Label_SubHeader_Content">
        <value condition="string.IsEqual(Container(301).ListItem.Property(defaultID),movies)">$INFO[Container(301).ListItem.Label,[COLOR=main_fg_100],:[/COLOR]] $INFO[Window(0).Property(Movies.Count)]</value>
        <value condition="string.IsEqual(Container(301).ListItem.Property(defaultID),tvshows)">$INFO[Container(301).ListItem.Label,[COLOR=main_fg_100],:[/COLOR]] $INFO[Window(0).Property(TVShows.Count)]</value>
    </variable>

</includes>
