<?xml version="1.0" encoding="UTF-8"?>
<window>
    <onload>SetProperty(SkinInitStarted,1,home)</onload>
    <onload>ClearProperty(SkinSplashStarted,home)</onload>
    <onload condition="!String.IsEmpty(Skin.String(StartupPlaylist))">ReplaceWindow(1113)</onload>
    <onload condition="String.IsEmpty(Skin.String(StartupPlaylist)) + Skin.HasSetting(EnableTMDBHelperSplash)">SetFocus(9001)</onload>
    <onload condition="String.IsEmpty(Skin.String(StartupPlaylist)) + !Skin.HasSetting(EnableTMDBHelperSplash)">ReplaceWindow($INFO[System.StartupWindow])</onload>
    <onload condition="System.HasAddon(script.magic.info.service)">RunScript(script.magic.info.service)</onload>
    <controls>
        <include>Home_Splash</include>
        <control type="button" id="9001">
            <onfocus condition="!String.IsEmpty(Window(Home).Property(TMDbHelper.ServiceStarted))">ReplaceWindow($INFO[System.StartupWindow])</onfocus>
            <onfocus condition="String.IsEmpty(Window(Home).Property(TMDbHelper.ServiceStarted))">SetFocus(9002)</onfocus>
            <visible allowhiddenfocus="true">False</visible>
        </control>
        <control type="button" id="9002">
            <onfocus>AlarmClock(refocus,SetFocus(9001),00:01,silent)</onfocus>
            <visible allowhiddenfocus="true">False</visible>
        </control>
    </controls>
</window>
