<?xml version="1.0" encoding="UTF-8" standalone="yes"?>
<addon id="script.magic.skin.helper" name="Magic Skin Helper" version="2.0.1" provider-name="Magic">
    <requires>
        <import addon="xbmc.python" version="3.0.0"/>
        <import addon="script.module.pil" version="1.1.7"/>
    </requires>
    <extension point="xbmc.python.script" library="default.py">
        <provides>executable</provides>
    </extension>
    <extension point="xbmc.python.pluginsource" library="plugin.py">
        <provides>video</provides>
    </extension>
    <extension point="xbmc.service" library="service.py" />
    <extension point="xbmc.addon.metadata">
        <summary lang="en_GB">Magic Skin Helper Script</summary>
        <description lang="en_GB">Helper script to provide features and functions to the skin.</description>
        <platform>all</platform>
        <license>GPL-2.0-only</license>
        <source>https://github.com/mkwilliams14/script.magic.skin.helper</source>
        <assets>
            <icon>resources/icon.png</icon>
            <fanart>resources/fanart.jpg</fanart>
        </assets>
    </extension>
</addon>