<?xml version="1.0" encoding="UTF-8"?>
<includes>
    <include name="DialogVideoInfo_Left">
        <param name="poster" default="true" />
        <definition>
            <control type="group">
                <width>view_info_left</width>
                <control type="image">
                    <aspectratio align="left">scale</aspectratio>
                    <texture colordiffuse="$VAR[Defs_Divider_ColorDiffuse]">common/panel.png</texture>
                    <visible>!Skin.HasSetting(DisablePanelDivider)</visible>
                </control>

                <include content="Topbar_Left">
                    <param name="fgcolor" value="main_fg" />
                    <param name="label" value="$LOCALIZE[14116]" />
                    <param name="visible" value="true" />
                </include>
                <control type="group">
                    <include>View_Pad</include>
                    <include content="View_50_Poster" condition="$PARAM[poster]">
                        <param name="visible" value="true" />
                        <param name="diffuse" value="diffuse/poster-big.png" />
                    </include>
                </control>
                <nested />
                <control type="image">
                    <width>24</width>
                    <right>0</right>
                    <texture flipx="false">common/shadow-line-vert-24.png</texture>
                    <visible>!Skin.HasSetting(DisablePanelDivider)</visible>
                    <visible>Skin.HasSetting(ShadowLines)</visible>
                </control>
            </control>
        </definition>
    </include>
    <include name="DialogVideoInfo">
        <control type="button" id="3990">
            <width>1</width>
            <height>1</height>
            <left>-2000</left>
            <animation effect="fade" time="300" start="100" end="0">Focus</animation>
            <onfocus>SetFocus(4100)</onfocus>
            <onclick>noop</onclick>
            <visible allowhiddenfocus="true">Control.HasFocus(3990)</visible>
        </control>
        <control type="button" id="9608">
            <include>Defs_Hidden_Button</include>
            <onleft condition="!Skin.HasSetting(DisableTrailerWindow) | !Player.HasVideo">300</onleft>
            <onleft condition="!Skin.HasSetting(DisableTrailerWindow) | !Player.HasVideo">ClearProperty(HasTrailer,Home)</onleft>
            <onleft condition="!Skin.HasSetting(DisableTrailerWindow) + Player.HasVideo">Stop</onleft>
            <onright condition="!Skin.HasSetting(DisableTrailerWindow) | !Player.HasVideo">300</onright>
            <onright condition="!Skin.HasSetting(DisableTrailerWindow) | !Player.HasVideo">ClearProperty(HasTrailer,Home)</onright>
            <onright condition="!Skin.HasSetting(DisableTrailerWindow) + Player.HasVideo">Stop</onright>
            <onup condition="!Skin.HasSetting(DisableTrailerWindow) | !Player.HasVideo">300</onup>
            <onup condition="!Skin.HasSetting(DisableTrailerWindow) | !Player.HasVideo">ClearProperty(HasTrailer,Home)</onup>
            <onup condition="!Skin.HasSetting(DisableTrailerWindow) + Player.HasVideo">Stop</onup>
            <ondown condition="!Skin.HasSetting(DisableTrailerWindow) | !Player.HasVideo">300</ondown>
            <ondown condition="!Skin.HasSetting(DisableTrailerWindow) | !Player.HasVideo">ClearProperty(HasTrailer,Home)</ondown>
            <ondown condition="!Skin.HasSetting(DisableTrailerWindow) + Player.HasVideo">Stop</ondown>
            <onback>300</onback>
            <onback>ClearProperty(HasTrailer,Home)</onback>
            <onback condition="Player.HasVideo">Stop</onback>
            <oninfo>300</oninfo>
            <oninfo>ClearProperty(HasTrailer,Home)</oninfo>
            <oninfo condition="Player.HasVideo">Stop</oninfo>
            <onclick condition="Player.HasVideo">Fullscreen</onclick>
            <onclick>ClearProperty(HasTrailer,Home)</onclick>

            <onleft condition="Skin.HasSetting(DisableTrailerWindow) + Player.HasVideo">Fullscreen</onleft>
            <onleft condition="Skin.HasSetting(DisableTrailerWindow) + Player.HasVideo">StepBack</onleft>
            <onleft condition="Skin.HasSetting(DisableTrailerWindow) + Player.HasVideo">ClearProperty(HasTrailer,Home)</onleft>
            <onright condition="Skin.HasSetting(DisableTrailerWindow) + Player.HasVideo">Fullscreen</onright>
            <onright condition="Skin.HasSetting(DisableTrailerWindow) + Player.HasVideo">StepForward</onright>
            <onright condition="Skin.HasSetting(DisableTrailerWindow) + Player.HasVideo">ClearProperty(HasTrailer,Home)</onright>
            <onup condition="Skin.HasSetting(DisableTrailerWindow) + Player.HasVideo">Fullscreen</onup>
            <onup condition="Skin.HasSetting(DisableTrailerWindow) + Player.HasVideo">BigStepForward</onup>
            <onup condition="Skin.HasSetting(DisableTrailerWindow) + Player.HasVideo">ClearProperty(HasTrailer,Home)</onup>
            <ondown condition="Skin.HasSetting(DisableTrailerWindow) + Player.HasVideo">Fullscreen</ondown>
            <ondown condition="Skin.HasSetting(DisableTrailerWindow) + Player.HasVideo">BigStepBack</ondown>
            <ondown condition="Skin.HasSetting(DisableTrailerWindow) + Player.HasVideo">ClearProperty(HasTrailer,Home)</ondown>
        </control>
        <control type="group">
            <control type="group">
                <include>Animation_Left_Delay</include>
                <include>DialogVideoInfo_Left</include>
                <visible>!$EXP[Exp_TrailerWindow] | !Skin.HasSetting(DisableTrailerWindow)</visible>
            </control>
            <include content="DialogVideoInfo_MainGroup">
                <include>Animation_Right_Delay</include>
                <visible>!$EXP[Exp_TrailerWindow]</visible>
                <animation type="Conditional" reversible="false" condition="!Window.IsActive(1142)">
                    <effect type="fade" start="0" end="100" time="200" tween="sine" easing="out"/>
                    <effect type="slide" start="0,-900" end="0" time="400" tween="cubic" easing="out" />
                </animation>
                <animation type="Conditional" reversible="false" condition="Window.IsActive(1142)">
                    <effect type="fade" start="100" end="0" delay="200" time="200" tween="sine" easing="out" />
                    <effect type="slide" start="0" end="0,-900" time="400" tween="cubic" easing="out" />
                </animation>
                <control type="group">
                    <top>-53</top>
                    <bottom>-53</bottom>
                    <right>-80</right>
                    <control type="group">
                        <visible>!Window.IsVisible(1140)</visible>
                        <include>Animation_FadeIn</include>
                        <include>Animation_FadeOut</include>
                        <control type="group">
                            <left>80</left>
                            <width>16</width>
                            <include content="Object_DoubleArrow_Down">
                                <param name="colordiffuse" value="main_fg_30" />
                            </include>
                        </control>
                        <control type="label">
                            <font>font_hintlabel</font>
                            <textcolor>main_fg_30</textcolor>
                            <height>80</height>
                            <bottom>-26</bottom>
                            <left>110</left>
                            <align>left</align>
                            <label>$LOCALIZE[31191]</label>
                        </control>
                    </control>
                </control>
                <include content="DialogVideoInfo_WidgetGroupList">
                    <include content="DialogVideoInfo_MainInfo">
                        <include content="View_Info_Grouplist">
                            <height>285</height>
                        </include>
                    </include>
                    <include content="Info_Button_Grouplist">
                        <include>Defs_InfoButtonList</include>
                    </include>
                    <include content="Info_Widget_Poster" condition="!Skin.HasSetting(DisableInfoListSets) + ListItem.IsCollection">
                        <param name="id" value="5000" />
                        <param name="groupid" value="5100" />
                        <param name="label" value="$INFO[ListItem.Title,$LOCALIZE[31057] ,]" />
                        <param name="hideisupdating" value="true" />
                        <movement>3</movement>
                        <include>Defs_InfoList_OnClick</include>
                        <include>Defs_InfoList_OnBack</include>
                        <content target="videos" sortby="year" sortorder="ascending">$VAR[Info_Sets]</content>
                    </include>
                    <include content="DialogVideoInfo_Widget_Details" condition="!ListItem.IsCollection">
                        <param name="id" value="5000" />
                    </include>
                </include>

            </include>
            <include content="Object_Control" condition="!Skin.HasSetting(DisableTrailerWindow)">
                <param name="type" value="group" />
                <visible>$EXP[Exp_TrailerWindow]</visible>
                <include>Animation_Right_Delay</include>
                <include content="View_Pad" condition="!Skin.HasSetting(DisablePanelDivider)">
                    <param name="left" value="view_info_left" />
                </include>
                <include content="View_Pad" condition="Skin.HasSetting(DisablePanelDivider)">
                    <param name="left" value="view_info_left_nopanel" />
                </include>
                <control type="group">
                    <left>view_pad</left>
                    <height>view_list_height</height>
                    <include content="Object_PosterBack">
                        <param name="pad" value="-20" />
                    </include>
                    <control type="image">
                        <texture background="true" colordiffuse="black" border="20">common/box.png</texture>
                    </control>
                    <control type="videowindow">
                        <visible>Player.HasVideo</visible>
                    </control>
                </control>
            </include>
        </control>
        <include>DialogVideoInfo_ImageViewer</include>

        <include content="Object_Control" condition="Skin.HasSetting(DisableTrailerWindow)">
            <param name="type" value="group" />
            <visible>$EXP[Exp_TrailerWindow]</visible>
            <control type="image">
                <texture background="true" colordiffuse="black" border="20">common/box.png</texture>
            </control>
            <control type="videowindow">
                <visible>Player.HasVideo</visible>
            </control>
        </include>
    </include>

    <include name="DialogPersonInfo">


        <include content="DialogVideoInfo_MainGroup">
            <include content="DialogVideoInfo_WidgetGroupList">
                <include>Animation_Right_Delay</include>
                <include content="DialogVideoInfo_MainInfo">
                    <control type="grouplist">
                        <orientation>vertical</orientation>
                        <usecontrolcoords>true</usecontrolcoords>
                        <itemgap>0</itemgap>
                        <include content="Object_Info_Title">
                            <param name="label" value="$INFO[ListItem.Label]" />
                        </include>
                        <include content="Object_Info_Line_Label">
                            <param name="label" value="[CAPITALIZE]$INFO[ListItem.Property(Birthday),[COLOR=main_fg_100],[/COLOR]]$INFO[ListItem.Property(Born),  |  [COLOR=main_fg_100],[/COLOR]]$INFO[ListItem.Property(Age),  |  [COLOR=main_fg_100], $LOCALIZE[31356][/COLOR]]$INFO[ListItem.Property(Deathday),  |  [COLOR=main_fg_100]$LOCALIZE[21897] ,[/COLOR]][/CAPITALIZE]" />
                            <param name="textcolor" value="$VAR[ColorHighlight]" />
                            <param name="divider" value="false" />
                        </include>
                        <include content="Object_Info_Plot">
                            <param name="label" value="$INFO[ListItem.Property(biography)]" />
                            <param name="height" value="240" />
                        </include>
                    </control>
                    <control type="button" id="300">
                        <orientation>horizontal</orientation>
                        <include>Info_Button_OnUp</include>
                        <ondown>5001</ondown>
                        <onfocus>SetProperty(Header_Left_Text,Person)</onfocus>
                        <width>1</width>
                        <height>1</height>
                        <texturefocus />
                        <texturenofocus />
                        <font />
                    </control>
                </include>
                <!-- List 01 -->
                <include content="Info_Widget_Poster">
                    <param name="id" value="5001" />
                    <param name="groupid" value="5101" />
                    <param name="label" value="Movies as Cast Member" />
                    <param name="labelinclude" value="View_Cast_Character_Label" />
                    <param name="castlabel" value="true" />
                    <include>Defs_InfoList_OnClick</include>
                    <include>Defs_InfoList_OnBack</include>
                    <movement>3</movement>
                    <content target="videos">plugin://plugin.video.themoviedb.helper?info=stars_in_movies&amp;type=person&amp;tmdb_id=$INFO[ListItem.Property(tmdb_id)]</content>
                </include>
                <!-- List 02 -->
                <include content="Info_Widget_Poster">
                    <param name="id" value="5002" />
                    <param name="groupid" value="5102" />
                    <param name="label" value="TvShows as Cast Member" />
                    <param name="labelinclude" value="View_Cast_Character_Label" />
                    <param name="castlabel" value="true" />
                    <include>Defs_InfoList_OnClick</include>
                    <include>Defs_InfoList_OnBack</include>
                    <movement>3</movement>
                    <content target="videos">plugin://plugin.video.themoviedb.helper?info=stars_in_tvshows&amp;type=person&amp;tmdb_id=$INFO[ListItem.Property(tmdb_id)]</content>
                </include>
                <!-- List 03 -->
                <include content="Info_Widget_Poster">
                    <param name="id" value="5003" />
                    <param name="groupid" value="5103" />
                    <param name="label" value="Movies as Crew Member" />
                    <param name="labelinclude" value="View_Cast_Job_Label" />
                    <param name="castlabel" value="true" />
                    <include>Defs_InfoList_OnClick</include>
                    <include>Defs_InfoList_OnBack</include>
                    <movement>3</movement>
                    <content target="videos">plugin://plugin.video.themoviedb.helper?info=crew_in_movies&amp;type=person&amp;tmdb_id=$INFO[ListItem.Property(tmdb_id)]</content>
                </include>
                <!-- List 05 -->
                <include content="Info_Widget_Poster">
                    <param name="id" value="5005" />
                    <param name="groupid" value="5105" />
                    <param name="label" value="TvShows as Crew Member" />
                    <param name="labelinclude" value="View_Cast_Job_Label" />
                    <param name="castlabel" value="true" />
                    <include>Defs_InfoList_OnClick</include>
                    <include>Defs_InfoList_OnBack</include>
                    <movement>3</movement>
                    <content target="videos">plugin://plugin.video.themoviedb.helper?info=crew_in_tvshows&amp;type=person&amp;tmdb_id=$INFO[ListItem.Property(tmdb_id)]</content>
                </include>
                <!-- List 06 -->
                <include content="Info_Widget_Poster">
                    <param name="id" value="5006" />
                    <param name="groupid" value="5106" />
                    <param name="label" value="Images" />
                    <onclick>SetFocus(9506)</onclick>
                    <include>Defs_InfoList_OnBack</include>
                    <movement>3</movement>
                    <content target="videos">plugin://plugin.video.themoviedb.helper?info=images&amp;type=person&amp;tmdb_id=$INFO[ListItem.Property(tmdb_id)]</content>
                </include>
            </include>
        </include>

        <include content="DialogVideoInfo_Left">
            <include>Animation_Left_Delay</include>
        </include>

        <include>Info_ImageViewer</include>

    </include>

    <include name="DialogVideoInfo_MainInfo">
        <control type="group" id="3100">
            <nested />
            <top>55</top>
            <left>100</left>
            <right>100</right>
            <height>425</height>
        </control>
    </include>

    <include name="DialogVideoInfo_MainGroup">
        <control type="group">
            <nested />
            <animation type="Conditional" condition="Control.IsVisible(3990)" reversible="false">
                <effect type="slide" end="0,-20" time="60" tween="sine" />
                <effect type="slide" end="0,20" time="180" tween="sine" delay="80" />
            </animation>
            <include content="View_Pad" condition="!Skin.HasSetting(DisablePanelDivider)">
                <param name="left" value="view_info_left" />
            </include>
            <include content="View_Pad" condition="Skin.HasSetting(DisablePanelDivider)">
                <param name="left" value="view_info_left_nopanel" />
            </include>
            <visible allowhiddenfocus="true">!$EXP[Exp_ShowPlotOverlay]</visible>
            <include>Animation_FadeInOut</include>
        </control>
    </include>

    <include name="DialogVideoInfo_WidgetGroupList">
        <control type="grouplist" id="4100">
            <scrolltime tween="quadratic">400</scrolltime>
            <onup>300</onup>
            <ondown>3990</ondown>
            <orientation>vertical</orientation>
            <usecontrolcoords>true</usecontrolcoords>
            <control type="group" id="5999"><height>$PARAM[bumperheight]</height></control>
            <nested />
            <top>-20</top>
            <left>-20</left>
            <right>-100</right>
            <itemgap>infowidgets_group_itemgap</itemgap>
            <height>infowidgets_group_height</height>
        </control>
    </include>

    <include name="DialogVideoInfo_ImageViewer">
        <include content="Info_ImageViewer">
            <param name="listid" value="5099" />
            <param name="buttonid" value="6299" />
        </include>
        <include content="Info_ImageViewer">
            <param name="listid" value="6000" />
            <param name="buttonid" value="6200" />
            <param name="art" value="Icon" />
        </include>
    </include>

    <include name="DialogVideoInfo_Widget_Details">
        <param name="id" default="7000" />
        <definition>
            <control type="group" id="$PARAM[id]">
                <control type="button">
                    <include>Defs_Hidden_Button</include>
                    <onfocus>SetFocus(300)</onfocus>
                    <onfocus>SetProperty(Cast.0.Name,$INFO[Container(50).ListItemAbsolute(0).Label],1142)</onfocus>
                    <onfocus>SetProperty(Cast.0.Job,$INFO[Container(50).ListItemAbsolute(0).Label2],1142)</onfocus>
                    <onfocus>SetProperty(Cast.0.Icon,$INFO[Container(50).ListItemAbsolute(0).Icon],1142)</onfocus>
                    <onfocus>SetProperty(Cast.1.Name,$INFO[Container(50).ListItemAbsolute(1).Label],1142)</onfocus>
                    <onfocus>SetProperty(Cast.1.Job,$INFO[Container(50).ListItemAbsolute(1).Label2],1142)</onfocus>
                    <onfocus>SetProperty(Cast.1.Icon,$INFO[Container(50).ListItemAbsolute(1).Icon],1142)</onfocus>
                    <onfocus>SetProperty(Cast.2.Name,$INFO[Container(50).ListItemAbsolute(2).Label],1142)</onfocus>
                    <onfocus>SetProperty(Cast.2.Job,$INFO[Container(50).ListItemAbsolute(2).Label2],1142)</onfocus>
                    <onfocus>SetProperty(Cast.2.Icon,$INFO[Container(50).ListItemAbsolute(2).Icon],1142)</onfocus>
                    <onfocus>SetProperty(Cast.3.Name,$INFO[Container(50).ListItemAbsolute(3).Label],1142)</onfocus>
                    <onfocus>SetProperty(Cast.3.Job,$INFO[Container(50).ListItemAbsolute(3).Label2],1142)</onfocus>
                    <onfocus>SetProperty(Cast.3.Icon,$INFO[Container(50).ListItemAbsolute(3).Icon],1142)</onfocus>
                    <onfocus>SetProperty(Cast.4.Name,$INFO[Container(50).ListItemAbsolute(4).Label],1142)</onfocus>
                    <onfocus>SetProperty(Cast.4.Job,$INFO[Container(50).ListItemAbsolute(4).Label2],1142)</onfocus>
                    <onfocus>SetProperty(Cast.4.Icon,$INFO[Container(50).ListItemAbsolute(4).Icon],1142)</onfocus>
                    <onfocus>SetProperty(Cast.5.Name,$INFO[Container(50).ListItemAbsolute(5).Label],1142)</onfocus>
                    <onfocus>SetProperty(Cast.5.Job,$INFO[Container(50).ListItemAbsolute(5).Label2],1142)</onfocus>
                    <onfocus>SetProperty(Cast.5.Icon,$INFO[Container(50).ListItemAbsolute(5).Icon],1142)</onfocus>
                    <onfocus>SetProperty(Cast.6.Name,$INFO[Container(50).ListItemAbsolute(6).Label],1142)</onfocus>
                    <onfocus>SetProperty(Cast.6.Job,$INFO[Container(50).ListItemAbsolute(6).Label2],1142)</onfocus>
                    <onfocus>SetProperty(Cast.6.Icon,$INFO[Container(50).ListItemAbsolute(6).Icon],1142)</onfocus>
                    <onfocus>SetProperty(Cast.7.Name,$INFO[Container(50).ListItemAbsolute(7).Label],1142)</onfocus>
                    <onfocus>SetProperty(Cast.7.Job,$INFO[Container(50).ListItemAbsolute(7).Label2],1142)</onfocus>
                    <onfocus>SetProperty(Cast.7.Icon,$INFO[Container(50).ListItemAbsolute(7).Icon],1142)</onfocus>
                    <onfocus>SetProperty(Cast.8.Name,$INFO[Container(50).ListItemAbsolute(8).Label],1142)</onfocus>
                    <onfocus>SetProperty(Cast.8.Job,$INFO[Container(50).ListItemAbsolute(8).Label2],1142)</onfocus>
                    <onfocus>SetProperty(Cast.8.Icon,$INFO[Container(50).ListItemAbsolute(8).Icon],1142)</onfocus>
                    <onfocus>SetProperty(Cast.9.Name,$INFO[Container(50).ListItemAbsolute(9).Label],1142)</onfocus>
                    <onfocus>SetProperty(Cast.9.Job,$INFO[Container(50).ListItemAbsolute(9).Label2],1142)</onfocus>
                    <onfocus>SetProperty(Cast.9.Icon,$INFO[Container(50).ListItemAbsolute(9).Icon],1142)</onfocus>
                    <onfocus>SetProperty(Cast.10.Name,$INFO[Container(50).ListItemAbsolute(10).Label],1142)</onfocus>
                    <onfocus>SetProperty(Cast.10.Job,$INFO[Container(50).ListItemAbsolute(10).Label2],1142)</onfocus>
                    <onfocus>SetProperty(Cast.10.Icon,$INFO[Container(50).ListItemAbsolute(10).Icon],1142)</onfocus>
                    <onfocus>SetProperty(Cast.11.Name,$INFO[Container(50).ListItemAbsolute(11).Label],1142)</onfocus>
                    <onfocus>SetProperty(Cast.11.Job,$INFO[Container(50).ListItemAbsolute(11).Label2],1142)</onfocus>
                    <onfocus>SetProperty(Cast.11.Icon,$INFO[Container(50).ListItemAbsolute(11).Icon],1142)</onfocus>
                    <onfocus>SetProperty(Cast.12.Name,$INFO[Container(50).ListItemAbsolute(12).Label],1142)</onfocus>
                    <onfocus>SetProperty(Cast.12.Job,$INFO[Container(50).ListItemAbsolute(12).Label2],1142)</onfocus>
                    <onfocus>SetProperty(Cast.12.Icon,$INFO[Container(50).ListItemAbsolute(12).Icon],1142)</onfocus>
                    <onfocus>SetProperty(Cast.13.Name,$INFO[Container(50).ListItemAbsolute(13).Label],1142)</onfocus>
                    <onfocus>SetProperty(Cast.13.Job,$INFO[Container(50).ListItemAbsolute(13).Label2],1142)</onfocus>
                    <onfocus>SetProperty(Cast.13.Icon,$INFO[Container(50).ListItemAbsolute(13).Icon],1142)</onfocus>
                    <onfocus>SetProperty(Cast.14.Name,$INFO[Container(50).ListItemAbsolute(14).Label],1142)</onfocus>
                    <onfocus>SetProperty(Cast.14.Job,$INFO[Container(50).ListItemAbsolute(14).Label2],1142)</onfocus>
                    <onfocus>SetProperty(Cast.14.Icon,$INFO[Container(50).ListItemAbsolute(14).Icon],1142)</onfocus>
                    <onfocus>SetProperty(Cast.15.Name,$INFO[Container(50).ListItemAbsolute(15).Label],1142)</onfocus>
                    <onfocus>SetProperty(Cast.15.Job,$INFO[Container(50).ListItemAbsolute(15).Label2],1142)</onfocus>
                    <onfocus>SetProperty(Cast.15.Icon,$INFO[Container(50).ListItemAbsolute(15).Icon],1142)</onfocus>
                    <onfocus>SetProperty(Cast.16.Name,$INFO[Container(50).ListItemAbsolute(16).Label],1142)</onfocus>
                    <onfocus>SetProperty(Cast.16.Job,$INFO[Container(50).ListItemAbsolute(16).Label2],1142)</onfocus>
                    <onfocus>SetProperty(Cast.16.Icon,$INFO[Container(50).ListItemAbsolute(16).Icon],1142)</onfocus>
                    <onfocus>SetProperty(Cast.17.Name,$INFO[Container(50).ListItemAbsolute(17).Label],1142)</onfocus>
                    <onfocus>SetProperty(Cast.17.Job,$INFO[Container(50).ListItemAbsolute(17).Label2],1142)</onfocus>
                    <onfocus>SetProperty(Cast.17.Icon,$INFO[Container(50).ListItemAbsolute(17).Icon],1142)</onfocus>
                    <onfocus>SetProperty(Cast.18.Name,$INFO[Container(50).ListItemAbsolute(18).Label],1142)</onfocus>
                    <onfocus>SetProperty(Cast.18.Job,$INFO[Container(50).ListItemAbsolute(18).Label2],1142)</onfocus>
                    <onfocus>SetProperty(Cast.18.Icon,$INFO[Container(50).ListItemAbsolute(18).Icon],1142)</onfocus>
                    <onfocus>SetProperty(Cast.19.Name,$INFO[Container(50).ListItemAbsolute(19).Label],1142)</onfocus>
                    <onfocus>SetProperty(Cast.19.Job,$INFO[Container(50).ListItemAbsolute(19).Label2],1142)</onfocus>
                    <onfocus>SetProperty(Cast.19.Icon,$INFO[Container(50).ListItemAbsolute(19).Icon],1142)</onfocus>
                    <onfocus>SetProperty(Cast.20.Name,$INFO[Container(50).ListItemAbsolute(20).Label],1142)</onfocus>
                    <onfocus>SetProperty(Cast.20.Job,$INFO[Container(50).ListItemAbsolute(20).Label2],1142)</onfocus>
                    <onfocus>SetProperty(Cast.20.Icon,$INFO[Container(50).ListItemAbsolute(20).Icon],1142)</onfocus>
                    <onfocus>SetProperty(Cast.21.Name,$INFO[Container(50).ListItemAbsolute(21).Label],1142)</onfocus>
                    <onfocus>SetProperty(Cast.21.Job,$INFO[Container(50).ListItemAbsolute(21).Label2],1142)</onfocus>
                    <onfocus>SetProperty(Cast.21.Icon,$INFO[Container(50).ListItemAbsolute(21).Icon],1142)</onfocus>
                    <onfocus>SetProperty(Cast.22.Name,$INFO[Container(50).ListItemAbsolute(22).Label],1142)</onfocus>
                    <onfocus>SetProperty(Cast.22.Job,$INFO[Container(50).ListItemAbsolute(22).Label2],1142)</onfocus>
                    <onfocus>SetProperty(Cast.22.Icon,$INFO[Container(50).ListItemAbsolute(22).Icon],1142)</onfocus>
                    <onfocus>SetProperty(Cast.23.Name,$INFO[Container(50).ListItemAbsolute(23).Label],1142)</onfocus>
                    <onfocus>SetProperty(Cast.23.Job,$INFO[Container(50).ListItemAbsolute(23).Label2],1142)</onfocus>
                    <onfocus>SetProperty(Cast.23.Icon,$INFO[Container(50).ListItemAbsolute(23).Icon],1142)</onfocus>
                    <onfocus>SetProperty(Cast.24.Name,$INFO[Container(50).ListItemAbsolute(24).Label],1142)</onfocus>
                    <onfocus>SetProperty(Cast.24.Job,$INFO[Container(50).ListItemAbsolute(24).Label2],1142)</onfocus>
                    <onfocus>SetProperty(Cast.24.Icon,$INFO[Container(50).ListItemAbsolute(24).Icon],1142)</onfocus>
                    <onfocus>SetProperty(Cast.25.Name,$INFO[Container(50).ListItemAbsolute(25).Label],1142)</onfocus>
                    <onfocus>SetProperty(Cast.25.Job,$INFO[Container(50).ListItemAbsolute(25).Label2],1142)</onfocus>
                    <onfocus>SetProperty(Cast.25.Icon,$INFO[Container(50).ListItemAbsolute(25).Icon],1142)</onfocus>
                    <onfocus>SetProperty(Cast.26.Name,$INFO[Container(50).ListItemAbsolute(26).Label],1142)</onfocus>
                    <onfocus>SetProperty(Cast.26.Job,$INFO[Container(50).ListItemAbsolute(26).Label2],1142)</onfocus>
                    <onfocus>SetProperty(Cast.26.Icon,$INFO[Container(50).ListItemAbsolute(26).Icon],1142)</onfocus>
                    <onfocus>SetProperty(Cast.27.Name,$INFO[Container(50).ListItemAbsolute(27).Label],1142)</onfocus>
                    <onfocus>SetProperty(Cast.27.Job,$INFO[Container(50).ListItemAbsolute(27).Label2],1142)</onfocus>
                    <onfocus>SetProperty(Cast.27.Icon,$INFO[Container(50).ListItemAbsolute(27).Icon],1142)</onfocus>
                    <onfocus>SetProperty(Cast.28.Name,$INFO[Container(50).ListItemAbsolute(28).Label],1142)</onfocus>
                    <onfocus>SetProperty(Cast.28.Job,$INFO[Container(50).ListItemAbsolute(28).Label2],1142)</onfocus>
                    <onfocus>SetProperty(Cast.28.Icon,$INFO[Container(50).ListItemAbsolute(28).Icon],1142)</onfocus>
                    <onfocus>SetProperty(Cast.29.Name,$INFO[Container(50).ListItemAbsolute(29).Label],1142)</onfocus>
                    <onfocus>SetProperty(Cast.29.Job,$INFO[Container(50).ListItemAbsolute(29).Label2],1142)</onfocus>
                    <onfocus>SetProperty(Cast.29.Icon,$INFO[Container(50).ListItemAbsolute(29).Icon],1142)</onfocus>
                    <onfocus>SetProperty(DBType,"$INFO[ListItem.DBType]",1142)</onfocus>
                    <onfocus>SetProperty(Set,"$INFO[ListItem.Set]",1142)</onfocus>
                    <onfocus>SetProperty(Title,"$VAR[Label_OverlayTitle]",1142)</onfocus>
                    <onfocus>SetProperty(Tagline,"$INFO[ListItem.Tagline]",1142)</onfocus>
                    <onfocus>SetProperty(Director,"$INFO[ListItem.Director]",1142)</onfocus>
                    <onfocus>SetProperty(Year,"$INFO[ListItem.Year]",1142)</onfocus>
                    <onfocus>SetProperty(Genre,"$INFO[ListItem.Genre]",1142)</onfocus>
                    <onfocus>SetProperty(Studio,"$INFO[Window(Home).Property(TMDBHelper.ListItem.Studio.1.Name)]",1142)</onfocus>
                    <onfocus>SetProperty(Path.Crew,"$VAR[Info_CrewMembers]",1142)</onfocus>
                    <onfocus condition="Integer.IsEqual(Container(50).NumItems,0)">SetProperty(Path.Cast,"$VAR[Info_CastMembers]",1142)</onfocus>
                    <onfocus condition="!Integer.IsEqual(Container(50).NumItems,0)">SetProperty(Path.Cast,-,1142)</onfocus>
                    <onfocus>SetProperty(Path.Sets,"$VAR[Info_Sets]",1142)</onfocus>
                    <onfocus>SetProperty(Path.Director,"$VAR[Info_FromDirector]",1142)</onfocus>
                    <onfocus>SetProperty(Path.Studio,"$VAR[Info_FromStudio]",1142)</onfocus>
                    <onfocus>SetProperty(Path.Year,"$VAR[Info_FromYear]",1142)</onfocus>
                    <onfocus>SetProperty(Path.Genre,"$VAR[Info_FromGenre]",1142)</onfocus>
                    <onfocus>SetProperty(Path.Recommended,"$VAR[Info_Recommended]",1142)</onfocus>
                    <onfocus>SetProperty(Path.Similar,"$VAR[Info_Similar]",1142)</onfocus>
                    <onfocus>SetProperty(Path.CastFeature,"$VAR[Info_CastFeature]",1142)</onfocus>
                    <onfocus>SetProperty(Path.Posters,"$VAR[Info_Posters]",1142)</onfocus>
                    <onfocus>SetProperty(Path.Fanart,"$VAR[Info_Fanart]",1142)</onfocus>
                    <onfocus>SetProperty(Art.Fanart,"$INFO[ListItem.Art(fanart)]",1142)</onfocus>
                    <onfocus>SetProperty(Art.Discart,"$INFO[ListItem.Art(discart)]",1142)</onfocus>
                    <onfocus>SetProperty(Art.Clearlogo,"$INFO[ListItem.Art(clearlogo)]",1142)</onfocus>
                    <onfocus>SetProperty(Art.Fanart1,"$INFO[ListItem.Art(fanart1)]",1142)</onfocus>
                    <onfocus>SetProperty(Art.Fanart2,"$INFO[ListItem.Art(fanart2)]",1142)</onfocus>
                    <onfocus>SetProperty(Art.Fanart3,"$INFO[ListItem.Art(fanart3)]",1142)</onfocus>
                    <onfocus>SetProperty(Art.Fanart4,"$INFO[ListItem.Art(fanart4)]",1142)</onfocus>
                    <onfocus>SetProperty(Art.Fanart5,"$INFO[ListItem.Art(fanart5)]",1142)</onfocus>
                    <onfocus condition="ListItem.IsCollection">SetProperty(isCollection,True,1142)</onfocus>
                    <onfocus condition="!ListItem.IsCollection">ClearProperty(isCollection,1142)</onfocus>
                    <onfocus>SetProperty(GlobalBackground,"$VAR[Global_Background_Image]",1142)</onfocus>
                    <onfocus>ActivateWindow(1142)</onfocus>
                </control>
                <nested />
                <top>infowidgets_item_top</top>
                <right>0</right>
                <height>item_widget_details_height</height>
                <control type="grouplist">
                    <top>7</top>
                    <width>410</width>
                    <left>100</left>
                    <bottom>90</bottom>
                    <orientation>vertical</orientation>
                    <itemgap>13</itemgap>
                    <usecontrolcoords>true</usecontrolcoords>
                    <!-- Studio -->
                    <include content="DialogVideoInfo_Widget_Details_Label">
                        <param name="label" value="$LOCALIZE[572]" />
                        <param name="infolabel" value="$INFO[ListItem.Studio]" />
                        <param name="visible" value="!String.IsEmpty(ListItem.Studio)" />
                        <param name="align" value="left" />
                    </include>
                    <include content="DialogVideoInfo_Widget_Details_Label">
                        <param name="label" value="$LOCALIZE[572]" />
                        <param name="infolabel" value="$INFO[Window(Home).Property(TMDbHelper.ListItem.Studio)]" />
                        <param name="visible" value="String.IsEmpty(ListItem.Studio) + !String.IsEmpty(Window(Home).Property(TMDbHelper.ListItem.Studio))" />
                        <param name="align" value="left" />
                    </include>

                    <!-- Genre -->
                    <include content="DialogVideoInfo_Widget_Details_Label">
                        <param name="label" value="$LOCALIZE[515]" />
                        <param name="infolabel" value="$INFO[ListItem.Genre]" />
                        <param name="visible" value="!String.IsEmpty(ListItem.Genre)" />
                        <param name="align" value="left" />
                    </include>
                    <include content="DialogVideoInfo_Widget_Details_Label">
                        <param name="label" value="$LOCALIZE[515]" />
                        <param name="infolabel" value="$INFO[Window(Home).Property(TMDbHelper.ListItem.Genre)]" />
                        <param name="visible" value="String.IsEmpty(ListItem.Genre) + !String.IsEmpty(Window(Home).Property(TMDbHelper.ListItem.Genre))" />
                        <param name="align" value="left" />
                    </include>

                    <!-- Revenue / Budget -->
                    <include content="DialogVideoInfo_Widget_Details_Label">
                        <param name="label" value="$LOCALIZE[31155]" />
                        <param name="infolabel" value="$INFO[Window(Home).Property(TMDbHelper.ListItem.Revenue)]$INFO[Window(Home).Property(TMDbHelper.ListItem.Budget), from ,]" />
                        <param name="visible" value="!String.IsEmpty(Window(Home).Property(TMDbHelper.ListItem.Revenue))" />
                        <param name="align" value="left" />
                    </include>

                    <!-- Last Aired -->
                    <include content="DialogVideoInfo_Widget_Details_Label">
                        <param name="label" value="$LOCALIZE[31115]" />
                        <param name="infolabel" value="$INFO[Window(Home).Property(TMDbHelper.ListItem.Last_Aired.Season),,x]$INFO[Window(Home).Property(TMDbHelper.ListItem.Last_Aired.Episode),,. ]$INFO[Window(Home).Property(TMDbHelper.ListItem.Last_Aired.Day),,$COMMA ]$INFO[Window(Home).Property(TMDbHelper.ListItem.Last_Aired)]" />
                        <param name="visible" value="!String.IsEmpty(Window(Home).Property(TMDbHelper.ListItem.Last_Aired)) + String.IsEmpty(Window(Home).Property(TMDbHelper.ListItem.Next_Aired))" />
                        <param name="align" value="left" />
                    </include>

                    <!-- Next Aired -->
                    <include content="DialogVideoInfo_Widget_Details_Label">
                        <param name="label" value="$LOCALIZE[31046]" />
                        <param name="infolabel" value="$INFO[Window(Home).Property(TMDbHelper.ListItem.Next_Aired.Season),,x]$INFO[Window(Home).Property(TMDbHelper.ListItem.Next_Aired.Episode),,. ]$INFO[Window(Home).Property(TMDbHelper.ListItem.Next_Aired.Day),,$COMMA ]$INFO[Window(Home).Property(TMDbHelper.ListItem.Next_Aired)]" />
                        <param name="visible" value="!String.IsEmpty(Window(Home).Property(TMDbHelper.ListItem.Next_Aired))" />
                        <param name="align" value="left" />
                    </include>
                </control>
                <control type="grouplist">
                    <top>7</top>
                    <right>100</right>
                    <left>550</left>
                    <bottom>90</bottom>
                    <orientation>vertical</orientation>
                    <itemgap>13</itemgap>
                    <!-- Director -->
                    <include content="DialogVideoInfo_Widget_Details_Label">
                        <param name="label" value="$LOCALIZE[20339]" />
                        <param name="infolabel" value="$INFO[ListItem.Director]" />
                        <param name="visible" value="!String.IsEmpty(ListItem.Director)" />
                        <param name="align" value="left" />
                    </include>
                    <include content="DialogVideoInfo_Widget_Details_Label">
                        <param name="label" value="$LOCALIZE[20339]" />
                        <param name="infolabel" value="$INFO[Window(Home).Property(TMDbHelper.ListItem.Director)]" />
                        <param name="visible" value="String.IsEmpty(ListItem.Director) + !String.IsEmpty(Window(Home).Property(TMDbHelper.ListItem.Director))" />
                        <param name="align" value="left" />
                    </include>

                    <!-- Writer -->
                    <include content="DialogVideoInfo_Widget_Details_Label">
                        <param name="label" value="$LOCALIZE[20417]" />
                        <param name="infolabel" value="$INFO[ListItem.Writer]" />
                        <param name="visible" value="!String.IsEmpty(ListItem.Writer)" />
                        <param name="align" value="left" />
                    </include>
                    <include content="DialogVideoInfo_Widget_Details_Label">
                        <param name="label" value="$LOCALIZE[20417]" />
                        <param name="infolabel" value="$INFO[Window(Home).Property(TMDbHelper.ListItem.Writer)]" />
                        <param name="visible" value="String.IsEmpty(ListItem.Writer) + !String.IsEmpty(Window(Home).Property(TMDbHelper.ListItem.Writer))" />
                        <param name="align" value="left" />
                    </include>

                    <!-- Awards -->
                    <include content="DialogVideoInfo_Widget_Details_Label">
                        <param name="label" value="$LOCALIZE[31164]" />
                        <param name="infolabel" value="$INFO[Window(Home).Property(TMDbHelper.ListItem.Awards)]" />
                        <param name="visible" value="!String.IsEmpty(Window(Home).Property(TMDbHelper.ListItem.Awards))" />
                        <param name="align" value="left" />
                    </include>

                    <!-- Tagline -->
                    <include content="DialogVideoInfo_Widget_Details_Label">
                        <param name="label" value="$LOCALIZE[202]" />
                        <param name="infolabel" value="$INFO[ListItem.Tagline]" />
                        <param name="visible" value="!String.IsEmpty(ListItem.Tagline) + String.IsEmpty(Window(Home).Property(TMDbHelper.ListItem.Awards))" />
                        <param name="align" value="left" />
                    </include>
                    <include content="DialogVideoInfo_Widget_Details_Label">
                        <param name="label" value="$LOCALIZE[202]" />
                        <param name="infolabel" value="$INFO[Window(Home).Property(TMDbHelper.ListItem.Tagline)]" />
                        <param name="visible" value="String.IsEmpty(ListItem.Tagline) + !String.IsEmpty(Window(Home).Property(TMDbHelper.ListItem.Tagline)) + String.IsEmpty(Window(Home).Property(TMDbHelper.ListItem.Awards))" />
                        <param name="align" value="left" />
                    </include>

                    <!-- Creator -->
                    <include content="DialogVideoInfo_Widget_Details_Label">
                        <param name="label" value="$LOCALIZE[31170]" />
                        <param name="infolabel" value="$INFO[Window(Home).Property(TMDbHelper.ListItem.Creator)]" />
                        <param name="visible" value="!String.IsEmpty(Window(Home).Property(TMDbHelper.ListItem.Creator))" />
                        <param name="align" value="left" />
                    </include>

                </control>
            </control>
        </definition>
    </include>

    <include name="DialogVideoInfo_Widget_Details_Label">
        <param name="height" default="70" />
        <definition>
            <control type="group">
                <top>$PARAM[top]</top>
                <height>$PARAM[height]</height>
                <visible>$PARAM[visible]</visible>
                <control type="label">
                    <height>40</height>
                    <align>$PARAM[align]</align>
                    <font>font_tiny_bold</font>
                    <textcolor>main_fg_100</textcolor>
                    <label>$PARAM[label]</label>
                </control>
                <control type="label">
                    <top>35</top>
                    <height>auto</height>
                    <aligny>top</aligny>
                    <align>$PARAM[align]</align>
                    <font>font_tiny</font>
                    <textcolor>main_fg_70</textcolor>
                    <label>$PARAM[infolabel]</label>
                </control>
            </control>
        </definition>
    </include>
</includes>
