<?xml version="1.0" encoding="UTF-8"?>
<!-- Foundation -->
<window id="104">
    <zorder>10</zorder>
    <controls>
        <control type="group">
            <visible>!Player.Muted</visible>
            <include content="Dialog_Notification_Group">
                <param name="progress" value="Control.GetLabel(933)" />
                <param name="progress-id" value="933" />
                <param name="main_id" value="9901" />
                <param name="sub_id" value="9902" />
                <param name="nowplaying" value="true" />
                <param name="icon" value="special://skin/extras/icons/volume.png" />
                <param name="label" value="Volume$INFO[Control.GetLabel(933), ,%]" />
                <param name="label2" value="$INFO[Player.Volume]" />
            </include>
        </control>
        <control type="group">
            <visible>Player.Muted</visible>
            <top>20</top>
            <right>20</right>
            <height>view_header</height>
            <control type="image">
                <right>0</right>
                <centertop>50%</centertop>
                <height>56</height>
                <width>72</width>
                <aspectratio align="right">keep</aspectratio>
                <texture colordiffuse="main_fg_100">buttons/mute.png</texture>
            </control>
        </control>



        <control type="progress" id="933">
            <texturebg></texturebg>
            <lefttexture></lefttexture>
            <midtexture></midtexture>
            <righttexture></righttexture>
            <info>Player.Volume</info>
            <visible>false</visible>
        </control>

    </controls>

</window>
