<?xml version="1.0" encoding="UTF-8"?>
<includes>
    <include name="Animation_FocusBounce">
        <animation type="Focus" condition="!Skin.HasSetting(BounceAnimations)" reversible="false">
            <effect type="zoom" end="110" time="75" tween="sine" easing="out" center="auto" />
            <effect type="zoom" end="90.9090909" time="225" tween="sine" delay="100" easing="out" center="auto" />
        </animation>
    </include>

    <include name="Animation_FocusBounce_Small">
        <animation type="Focus" condition="!Skin.HasSetting(BounceAnimations)" reversible="false">
            <effect type="zoom" end="105" time="75" tween="sine" easing="out" center="auto" />
            <effect type="zoom" end="95.2380952" time="225" tween="sine" delay="100" easing="out" center="auto" />
        </animation>
    </include>

    <include name="Animation_FocusBounce_Large">
        <animation type="Focus" condition="!Skin.HasSetting(BounceAnimations)" reversible="false">
            <effect type="zoom" end="115" time="75" tween="sine" easing="out" center="auto" />
            <effect type="zoom" end="86.9565217" time="225" tween="sine" delay="100" easing="out" center="auto" />
        </animation>
    </include>

    <include name="Animation_FocusBounce_Viewlayout">
        <animation type="Focus" reversible="false">
            <effect type="zoom" end="135" time="100" tween="sine" easing="out" center="auto" />
            <effect type="zoom" end="92" time="225" tween="sine" delay="100" easing="out" center="auto" />
        </animation>
    </include>

    <include name="Animation_Home_Slide">
        <animation effect="slide" end="160" time="300" tween="quadratic" condition="Control.HasFocus(301) | Control.HasFocus(303) | [Control.HasFocus(3992) + String.IsEmpty(Window.Property(WidgetFocus))] | [Skin.HasSetting(LockMainMenu) + !$EXP[Exp_InfoVisible]]">Conditional</animation>
        <animation effect="slide" start="0" end="-160" time="300" tween="quadratic" condition="Control.HasFocus(301) | Control.HasFocus(303) | [Control.HasFocus(3992) + String.IsEmpty(Window.Property(WidgetFocus))] | Skin.HasSetting(LockMainMenu)">WindowClose</animation>
        <animation effect="slide" start="-160" end="0" time="300" tween="quadratic" condition="Control.HasFocus(301) | Control.HasFocus(303) | [Control.HasFocus(3992) + String.IsEmpty(Window.Property(WidgetFocus))] | Skin.HasSetting(LockMainMenu)">WindowOpen</animation>
    </include>

    <include name="Animation_Settings">
        <animation type="WindowOpen" reversible="false" condition="!Window.Previous(SettingsCategory.xml) + !Window.Previous(SkinSettings.xml) + !Window.Previous(SettingsProfile.xml) + !Window.Previous(SettingsSystemInfo.xml)">
            <effect type="fade" start="0" end="100" time="300" delay="150"/>
            <effect type="slide" start="0,-48" end="0" center="auto" tween="back" easing="out" time="350" delay="150"/>
        </animation>
    </include>

    <include name="Animation_UpDown">
        <include condition="!Skin.HasSetting(EnableHorizontalHome)" content="Animation_UpDown_Vertical">
            <param name="visible" value="$PARAM[visible]" />
        </include>
        <include condition="Skin.HasSetting(EnableHorizontalHome)" content="Animation_UpDown_Horizontal">
            <param name="visible" value="$PARAM[visible]" />
        </include>
    </include>

    <include name="Animation_UpDown_Vertical">
        <animation type="Visible" reversible="false">
            <effect type="fade" start="0" end="100" delay="0" time="300" tween="sine" easing="out"/>
        </animation>
        <animation type="Conditional" reversible="false" condition="$PARAM[visible] + String.IsEqual(Window(Home).Property(WidgetMovement),OnUp)">
            <effect type="slide" start="0,-320" end="0" delay="0" time="400" tween="cubic" easing="out" />
        </animation>
        <animation type="Conditional" reversible="false" condition="$PARAM[visible] + String.IsEqual(Window(Home).Property(WidgetMovement),OnDown)">
            <effect type="slide" start="0,320" end="0" delay="0" time="400" tween="cubic" easing="out" />
        </animation>

        <animation type="Hidden" reversible="false">
            <effect type="fade" start="100" end="0" time="300" tween="sine" easing="out" />
        </animation>
        <animation type="Conditional" reversible="false" condition="!$PARAM[visible] + String.IsEqual(Window(Home).Property(WidgetMovement),OnUp)">
            <effect type="slide" end="0,320" start="0" time="400" tween="cubic" easing="out" />
        </animation>
        <animation type="Conditional" reversible="false" condition="!$PARAM[visible] + String.IsEqual(Window(Home).Property(WidgetMovement),OnDown)">
            <effect type="slide" end="0,-320" start="0" time="400" tween="cubic" easing="out" />
        </animation>
    </include>
    <include name="Animation_UpDown_Horizontal">
        <animation type="Visible" reversible="false">
            <effect type="fade" start="0" end="100" delay="0" time="300" tween="sine" easing="out"/>
        </animation>
        <animation type="Conditional" reversible="false" condition="$PARAM[visible] + String.IsEqual(Window(Home).Property(WidgetMovement),OnUp)">
            <effect type="slide" start="-320" end="0" delay="0" time="400" tween="cubic" easing="out" />
        </animation>
        <animation type="Conditional" reversible="false" condition="$PARAM[visible] + String.IsEqual(Window(Home).Property(WidgetMovement),OnDown)">
            <effect type="slide" start="320" end="0" delay="0" time="400" tween="cubic" easing="out" />
        </animation>

        <animation type="Hidden" reversible="false">
            <effect type="fade" start="100" end="0" time="300" tween="sine" easing="out" />
        </animation>
        <animation type="Conditional" reversible="false" condition="!$PARAM[visible] + String.IsEqual(Window(Home).Property(WidgetMovement),OnUp)">
            <effect type="slide" end="320" start="0" time="400" tween="cubic" easing="out" />
        </animation>
        <animation type="Conditional" reversible="false" condition="!$PARAM[visible] + String.IsEqual(Window(Home).Property(WidgetMovement),OnDown)">
            <effect type="slide" end="-320" start="0" time="400" tween="cubic" easing="out" />
        </animation>
    </include>

    <include name="Animation_Down">
        <animation type="WindowOpen" reversible="false">
            <effect type="slide" start="0,320" end="0" time="400" tween="cubic" easing="out" />
            <effect type="fade" start="0" end="100" time="300" tween="sine" easing="out"/>
        </animation>
        <animation type="Visible" reversible="false">
            <effect type="fade" start="0" end="100" time="300" tween="sine" easing="out"/>
            <effect type="slide" start="0,320" end="0" time="400" tween="cubic" easing="out" />
        </animation>
    </include>

    <include name="Animation_Down_Info">
        <animation type="WindowOpen" reversible="false">
            <effect type="fade" start="0" end="100" time="200" tween="sine" easing="out"/>
            <effect type="slide" start="0,900" end="0" time="400" tween="cubic" easing="out" />
        </animation>
        <animation type="WindowClose" reversible="false">
            <effect type="fade" start="100" end="0" delay="200" time="200" tween="sine" easing="out" />
            <effect type="slide" start="0" end="0,900" time="400" tween="cubic" easing="out" />
        </animation>
        <animation type="Visible" reversible="false">
            <effect type="fade" start="0" end="100" time="200" tween="sine" easing="out"/>
            <effect type="slide" start="0,900" end="0" time="400" tween="cubic" easing="out" />
        </animation>
        <animation type="Hidden" reversible="false">
            <effect type="fade" start="100" end="0" delay="200" time="200" tween="sine" easing="out" />
            <effect type="slide" start="0" end="0,900" time="400" tween="cubic" easing="out" />
        </animation>
    </include>

    <include name="Animation_Common">
        <animation type="Visible" reversible="false">
            <effect type="fade" start="0" end="100" time="300" delay="300" tween="sine" easing="in" />
            <effect type="zoom" start="85" end="100" time="300" delay="300" center="auto" tween="sine" easing="out" />
        </animation>

        <animation type="Hidden" reversible="false" condition="$EXP[Exp_CommonAnimation]">
            <effect type="zoom" start="100" end="85" center="auto" tween="sine" delay="0" easing="out" time="300" />
            <effect type="fade" start="100" end="0" tween="cubic" easing="out" delay="0" time="300" />
        </animation>
    </include>

    <include name="Animation_Left">
        <animation type="Visible" reversible="false">
            <effect type="fade" start="0" end="100" time="300" tween="sine" easing="out"/>
            <effect type="slide" start="-320" end="0" time="400" tween="cubic" easing="out" />
        </animation>
        <animation type="Hidden" reversible="false">
            <effect type="fade" start="100" end="0" time="300" tween="sine" easing="out" />
            <effect type="slide" start="0" end="-320" time="300" tween="cubic" easing="out" />
        </animation>
        <animation type="WindowOpen" reversible="false">
            <effect type="fade" start="0" end="100" time="300" tween="sine" easing="out"/>
            <effect type="slide" start="-320" end="0" time="400" tween="cubic" easing="out" />
        </animation>
        <animation type="WindowClose" reversible="false">
            <effect type="fade" start="100" end="0" time="300" tween="sine" easing="out" />
            <effect type="slide" start="0" end="-320" time="300" tween="cubic" easing="out" />
        </animation>
    </include>

    <include name="Animation_Right">
        <animation type="Visible" reversible="false">
            <effect type="fade" start="0" end="100" time="300" tween="sine" easing="out"/>
            <effect type="slide" start="320" end="0" time="400" tween="cubic" easing="out" />
        </animation>
        <animation type="Hidden" reversible="false">
            <effect type="fade" start="100" end="0" time="300" tween="sine" easing="out" />
            <effect type="slide" start="0" end="320" time="300" tween="cubic" easing="out" />
        </animation>
        <animation type="WindowOpen" reversible="false">
            <effect type="fade" start="0" end="100" time="300" tween="sine" easing="out"/>
            <effect type="slide" start="320" end="0" time="400" tween="cubic" easing="out" />
        </animation>
        <animation type="WindowClose" reversible="false">
            <effect type="fade" start="100" end="0" time="300" tween="sine" easing="out" />
            <effect type="slide" start="0" end="320" time="300" tween="cubic" easing="out" />
        </animation>
    </include>

    <include name="Animation_Left_Delay">
        <animation type="Visible" reversible="false">
            <effect type="fade" start="0" end="100" time="300" delay="400" tween="sine" easing="out"/>
            <effect type="slide" start="-320" end="0" time="400" delay="400" tween="cubic" easing="out" />
        </animation>
        <animation type="Hidden" reversible="false">
            <effect type="fade" start="100" end="0" time="300" tween="sine" easing="out" />
            <effect type="slide" start="0" end="-320" time="300" tween="cubic" easing="out" />
        </animation>
        <animation type="WindowOpen" reversible="false">
            <effect type="fade" start="0" end="100" time="300" delay="400" tween="sine" easing="out"/>
            <effect type="slide" start="-320" end="0" time="400" delay="400" tween="cubic" easing="out" />
        </animation>
        <animation type="WindowClose" reversible="false" condition="!String.IsEmpty(Window(Home).Property(InfoTrick.Active))">
            <effect type="fade" start="100" end="0" time="300" delay="400" tween="sine" easing="out" />
            <effect type="slide" start="0" end="-320" time="300" delay="400" tween="cubic" easing="out" />
        </animation>
        <animation type="WindowClose" reversible="false" condition="String.IsEmpty(Window(Home).Property(InfoTrick.Active))">
            <effect type="fade" start="100" end="0" time="300" delay="0" tween="sine" easing="out" />
            <effect type="slide" start="0" end="-320" time="300" delay="0" tween="cubic" easing="out" />
        </animation>
    </include>

    <include name="Animation_Right_Delay">
        <animation type="Visible" reversible="false">
            <effect type="fade" start="0" end="100" time="300" delay="400" tween="sine" easing="out"/>
            <effect type="slide" start="320" end="0" time="400" delay="400" tween="cubic" easing="out" />
        </animation>
        <animation type="Hidden" reversible="false">
            <effect type="fade" start="100" end="0" time="300" tween="sine" easing="out" />
            <effect type="slide" start="0" end="320" time="300" tween="cubic" easing="out" />
        </animation>
        <animation type="WindowOpen" reversible="false">
            <effect type="fade" start="0" end="100" time="300" delay="400" tween="sine" easing="out"/>
            <effect type="slide" start="320" end="0" time="400" delay="400" tween="cubic" easing="out" />
        </animation>
        <animation type="WindowClose" reversible="false" condition="String.IsEmpty(Window(Home).Property(InfoTrick.Active))">
            <effect type="fade" start="100" end="0" time="300" tween="sine" easing="out" />
            <effect type="slide" start="0" end="320" time="300" tween="cubic" easing="out" />
        </animation>
        <animation type="WindowClose" reversible="false" condition="!String.IsEmpty(Window(Home).Property(InfoTrick.Active))">
            <effect type="fade" start="100" end="0" time="300" delay="400" tween="sine" easing="out" />
            <effect type="slide" start="0" end="320" time="300" delay="400" tween="cubic" easing="out" />
        </animation>
    </include>

    <include name="Animation_FadeInOut_Common">
        <animation effect="fade" start="0" end="100" time="400" tween="cubic" easing="inout">Visible</animation>
        <animation effect="fade" start="100" end="0" time="400" tween="cubic" easing="inout">Hidden</animation>
        <animation effect="fade" start="0" end="100" time="400" tween="cubic" easing="inout">WindowOpen</animation>
        <animation effect="fade" start="100" end="0" time="400" tween="cubic" easing="inout">WindowClose</animation>
    </include>

    <include name="Animation_FadeInOut">
        <animation effect="fade" start="0" end="100" time="400" tween="cubic" easing="inout">Visible</animation>
        <animation effect="fade" start="100" end="0" time="400" tween="cubic" easing="inout">Hidden</animation>
    </include>

    <include name="Animation_FadeIn">
        <animation effect="fade" start="0" end="100" time="400" tween="cubic" easing="inout">Visible</animation>
        <animation effect="fade" start="0" end="100" time="400" tween="cubic" easing="inout">WindowOpen</animation>
    </include>

    <include name="Animation_FadeIn_Delay">
        <animation effect="fade" start="0" end="100" time="400" tween="cubic" easing="inout" reversible="false" delay="200">Visible</animation>
    </include>

    <include name="Animation_ZoomIn">
        <animation type="WindowOpen" reversible="false">
            <effect type="fade" start="0" end="100" time="300" tween="sine" easing="in" />
            <effect type="zoom" start="80" end="100" time="300" center="auto" tween="quadratic" easing="out" />
        </animation>
        <animation type="Visible" reversible="false">
            <effect type="fade" start="0" end="100" time="300" tween="sine" easing="in" />
            <effect type="zoom" start="80" end="100" time="300" center="auto" tween="quadratic" easing="out" />
        </animation>
    </include>

    <include name="Animation_FadeIn_Slide">
        <animation type="Visible" reversible="false">
            <effect type="fade" start="0" end="100" time="300" delay="150"/>
            <effect type="slide" start="0,-48" end="0" center="auto" tween="back" easing="out" time="350" delay="150"/>
        </animation>
        <animation type="WindowOpen" reversible="false">
            <effect type="fade" start="0" end="100" time="300" delay="150"/>
            <effect type="slide" start="0,-48" end="0" center="auto" tween="back" easing="out" time="350" delay="150"/>
        </animation>
    </include>
    <include name="Animation_FadeIn_SlideUp">
        <animation type="Visible" reversible="false">
            <effect type="fade" start="0" end="100" time="300" delay="150"/>
            <effect type="slide" start="0,48" end="0" center="auto" tween="back" easing="out" time="350" delay="150"/>
        </animation>
        <animation type="WindowOpen" reversible="false">
            <effect type="fade" start="0" end="100" time="300" delay="150"/>
            <effect type="slide" start="0,48" end="0" center="auto" tween="back" easing="out" time="350" delay="150"/>
        </animation>
    </include>

    <include name="Animation_FadeOut">
        <animation effect="fade" end="0" start="100" time="150">Hidden</animation>
        <animation effect="fade" end="0" start="100" time="150">WindowClose</animation>
    </include>

</includes>
